id,gameDate
1,2016-2-9
2,2014-9-2
3,2015-10-11
4,2016-7-5
5,2016-9-18
6,2014-5-28
7,2014-8-25
8,2015-12-7
9,2016-12-15
10,2015-5-25
11,2014-12-7
12,2014-2-22
13,2014-4-8
14,2015-11-10
15,2015-10-17
16,2015-4-9
17,2014-4-28
18,2016-8-1
19,2016-6-26
20,2015-9-3
21,2015-7-13
22,2016-8-9
23,2016-5-17
24,2014-11-1
25,2014-5-26
26,2015-4-22
27,2016-5-28
28,2014-10-19
29,2014-2-23
30,2016-11-10
31,2015-4-20
32,2015-10-15
33,2014-6-0
34,2016-12-9
35,2016-1-6
36,2015-2-2
37,2014-11-16
38,2014-11-22
39,2016-8-25
40,2016-7-9
41,2014-2-21
42,2016-1-26
43,2014-3-7
44,2016-1-28
45,2015-11-3
46,2015-8-26
47,2016-7-20
48,2015-10-18
49,2016-10-11
50,2016-9-22
51,2015-8-7
52,2016-2-25
53,2014-3-21
54,2015-1-19
55,2015-10-12
56,2015-5-8
57,2014-9-4
58,2014-3-21
59,2015-1-3
60,2015-1-15
61,2014-10-14
62,2016-6-24
63,2014-10-15
64,2014-1-17
65,2014-3-24
66,2014-7-3
67,2015-5-17
68,2014-4-0
69,2016-12-6
70,2016-7-9
71,2015-5-19
72,2014-9-0
73,2016-5-22
74,2014-1-19
75,2015-2-7
76,2015-5-23
77,2015-4-12
78,2015-6-20
79,2016-11-0
80,2016-3-22
81,2016-11-7
82,2015-8-22
83,2014-7-13
84,2014-6-14
85,2014-11-21
86,2016-1-24
87,2014-12-20
88,2016-5-8
89,2014-7-8
90,2016-8-7
91,2016-9-15
92,2014-7-2
93,2015-7-13
94,2016-7-16
95,2016-5-19
96,2015-12-22
97,2016-2-28
98,2016-7-25
99,2015-1-13
100,2014-8-12
101,2015-11-7
102,2016-1-7
103,2014-9-19
104,2014-5-15
105,2016-2-7
106,2015-12-21
107,2014-9-10
108,2014-6-12
109,2016-6-20
110,2014-4-20
111,2014-3-26
112,2015-8-14
113,2016-9-25
114,2015-7-22
115,2014-6-13
116,2015-1-16
117,2015-12-21
118,2016-7-19
119,2016-2-18
120,2016-4-5
121,2014-3-24
122,2014-3-17
123,2016-12-3
124,2015-1-4
125,2014-6-3
126,2015-9-15
127,2014-11-27
128,2015-6-17
129,2016-9-18
130,2015-7-27
131,2016-1-12
132,2014-2-20
133,2014-8-28
134,2015-2-8
135,2015-7-5
136,2015-10-8
137,2015-10-28
138,2014-1-23
139,2015-4-12
140,2014-12-19
141,2016-8-3
142,2015-7-13
143,2014-1-2
144,2015-11-15
145,2014-1-5
146,2014-3-17
147,2015-1-27
148,2014-9-24
149,2015-3-27
150,2014-12-18
151,2015-10-19
152,2016-4-14
153,2015-12-8
154,2016-8-13
155,2015-1-13
156,2016-11-2
157,2016-7-10
158,2016-2-12
159,2014-11-2
160,2016-1-26
161,2015-6-15
162,2016-4-0
163,2014-10-3
164,2016-8-5
165,2015-6-12
166,2015-8-8
167,2014-9-5
168,2016-2-26
169,2015-7-16
170,2016-10-12
171,2015-8-11
172,2015-5-15
173,2016-3-8
174,2014-3-12
175,2014-5-6
176,2015-11-8
177,2015-10-23
178,2014-11-12
179,2016-3-11
180,2016-1-7
181,2015-3-21
182,2015-7-15
183,2014-12-24
184,2014-10-19
185,2015-10-14
186,2015-2-5
187,2015-11-25
188,2015-10-20
189,2014-1-16
190,2015-12-17
191,2014-10-10
192,2015-7-22
193,2016-12-16
194,2015-4-19
195,2016-4-18
196,2015-10-19
197,2014-1-22
198,2014-7-24
199,2016-11-19
200,2016-2-28
201,2015-4-1
202,2015-11-8
203,2014-11-16
204,2015-3-2
205,2015-6-9
206,2016-3-24
207,2014-2-13
208,2016-8-16
209,2015-11-6
210,2014-12-20
211,2016-3-24
212,2016-3-7
213,2016-10-15
214,2016-1-0
215,2016-5-6
216,2014-5-22
217,2015-7-17
218,2016-3-8
219,2014-5-6
220,2015-2-1
221,2016-10-18
222,2014-2-7
223,2016-9-8
224,2016-6-7
225,2016-6-14
226,2016-5-6
227,2015-4-26
228,2015-1-5
229,2016-8-22
230,2015-2-13
231,2014-1-20
232,2015-9-11
233,2015-8-6
234,2014-10-17
235,2016-9-22
236,2015-9-17
237,2016-2-24
238,2014-5-6
239,2015-6-8
240,2015-4-23
241,2014-9-1
242,2014-6-9
243,2015-3-8
244,2015-9-6
245,2015-9-3
246,2014-12-2
247,2014-6-7
248,2015-1-12
249,2016-2-0
250,2014-5-2
251,2016-5-19
252,2014-5-8
253,2016-7-4
254,2016-11-15
255,2016-6-4
256,2014-5-21
257,2014-6-21
258,2014-8-13
259,2016-9-16
260,2014-7-2
261,2014-10-17
262,2016-9-17
263,2015-8-27
264,2015-10-6
265,2016-9-13
266,2015-4-16
267,2016-2-1
268,2015-2-23
269,2014-8-8
270,2014-7-10
271,2014-4-8
272,2014-7-21
273,2014-11-14
274,2015-10-12
275,2016-1-11
276,2015-9-18
277,2016-9-14
278,2015-10-24
279,2016-5-22
280,2016-1-11
281,2016-4-0
282,2014-3-25
283,2015-7-17
284,2014-6-26
285,2016-6-13
286,2014-3-15
287,2014-8-17
288,2015-8-28
289,2014-10-5
290,2015-2-11
291,2016-4-1
292,2016-10-27
293,2014-5-23
294,2015-1-19
295,2016-10-27
296,2015-11-27
297,2015-9-4
298,2014-3-14
299,2015-12-27
300,2015-9-1
301,2016-12-1
302,2016-5-19
303,2015-11-12
304,2015-7-3
305,2016-4-22
306,2016-11-22
307,2016-10-18
308,2014-7-25
309,2016-1-27
310,2016-4-26
311,2015-5-17
312,2016-1-11
313,2014-6-10
314,2015-1-19
315,2014-2-28
316,2014-3-10
317,2015-5-2
318,2015-3-20
319,2015-2-11
320,2015-10-4
321,2014-11-22
322,2016-5-15
323,2014-1-28
324,2016-12-7
325,2014-1-4
326,2015-4-11
327,2015-3-0
328,2015-10-17
329,2014-7-20
330,2014-12-13
331,2014-3-25
332,2014-11-22
333,2015-1-11
334,2016-10-26
335,2016-7-17
336,2015-10-1
337,2015-10-25
338,2015-3-7
339,2015-9-6
340,2014-9-20
341,2016-8-21
342,2015-11-27
343,2015-8-4
344,2016-6-11
345,2015-8-16
346,2015-8-23
347,2015-8-9
348,2014-8-7
349,2015-9-16
350,2015-5-1
351,2015-3-8
352,2016-4-6
353,2015-3-18
354,2015-1-26
355,2016-3-18
356,2015-9-14
357,2016-11-8
358,2014-11-8
359,2014-7-5
360,2016-7-6
361,2015-11-2
362,2016-7-2
363,2015-10-16
364,2016-12-4
365,2015-9-12
366,2014-8-0
367,2016-7-10
368,2015-2-9
369,2016-12-17
370,2016-3-25
371,2016-8-26
372,2015-12-15
373,2014-10-4
374,2014-12-14
375,2016-11-27
376,2015-2-17
377,2016-12-6
378,2014-10-27
379,2014-11-23
380,2015-7-17
381,2014-5-3
382,2015-5-21
383,2014-8-5
384,2015-11-27
385,2015-3-6
386,2014-12-7
387,2016-10-23
388,2015-9-17
389,2014-10-7
390,2014-5-23
391,2014-1-7
392,2016-7-22
393,2014-1-15
394,2016-10-22
395,2014-1-2
396,2016-5-26
397,2015-3-4
398,2016-12-25
399,2015-7-0
400,2015-1-2
401,2016-8-26
402,2014-1-27
403,2015-6-19
404,2014-1-28
405,2015-7-20
406,2014-5-15
407,2015-11-14
408,2016-12-28
409,2014-6-27
410,2014-7-1
411,2014-2-22
412,2016-9-3
413,2016-10-18
414,2014-5-3
415,2014-4-7
416,2015-6-22
417,2014-3-12
418,2016-12-16
419,2015-8-5
420,2016-8-7
421,2016-2-9
422,2014-5-0
423,2014-7-0
424,2014-2-14
425,2015-8-27
426,2014-4-11
427,2016-8-27
428,2014-1-3
429,2015-12-21
430,2016-9-24
431,2015-10-21
432,2016-1-9
433,2014-9-28
434,2016-6-14
435,2016-6-12
436,2014-1-24
437,2014-9-14
438,2015-7-22
439,2016-9-3
440,2014-4-25
441,2016-11-20
442,2015-8-16
443,2016-6-26
444,2014-1-23
445,2014-9-20
446,2015-1-11
447,2016-2-18
448,2016-1-25
449,2014-8-7
450,2016-2-7
451,2014-1-15
452,2014-7-18
453,2015-5-27
454,2016-2-0
455,2014-12-23
456,2014-10-17
457,2016-8-25
458,2014-2-9
459,2015-8-7
460,2015-5-23
461,2014-10-23
462,2016-7-8
463,2016-2-3
464,2015-4-5
465,2015-5-28
466,2014-10-3
467,2016-12-27
468,2015-5-5
469,2015-9-17
470,2015-10-5
471,2014-12-2
472,2014-2-8
473,2015-2-18
474,2016-11-23
475,2015-5-14
476,2014-10-0
477,2015-9-5
478,2015-1-10
479,2014-8-18
480,2016-9-27
481,2014-10-0
482,2016-3-3
483,2016-4-7
484,2015-8-15
485,2015-7-3
486,2016-1-23
487,2014-4-16
488,2014-1-27
489,2014-1-1
490,2014-12-18
491,2014-9-6
492,2015-6-4
493,2015-9-23
494,2014-4-6
495,2016-2-12
496,2014-5-8
497,2015-8-13
498,2016-12-25
499,2014-7-18
500,2014-10-7
501,2016-9-6
502,2014-7-4
503,2014-5-1
504,2015-4-22
505,2016-10-8
506,2015-7-1
507,2014-6-17
508,2015-3-7
509,2014-12-25
510,2015-8-14
511,2014-7-8
512,2016-6-26
513,2014-2-4
514,2016-4-28
515,2015-8-3
516,2014-10-13
517,2014-5-3
518,2015-10-14
519,2016-6-14
520,2014-12-10
521,2014-8-15
522,2015-5-2
523,2014-3-13
524,2015-9-4
525,2015-2-22
526,2015-9-15
527,2015-8-28
528,2014-9-10
529,2014-10-0
530,2015-11-26
531,2014-10-24
532,2015-5-7
533,2014-12-18
534,2014-1-3
535,2014-8-25
536,2015-10-28
537,2016-3-5
538,2014-11-10
539,2015-8-27
540,2014-4-14
541,2016-5-28
542,2015-9-15
543,2016-11-26
544,2014-4-14
545,2014-4-6
546,2014-7-7
547,2014-10-6
548,2014-3-14
549,2015-12-12
550,2016-5-14
551,2016-8-8
552,2014-8-11
553,2015-4-27
554,2014-4-28
555,2015-2-3
556,2016-12-13
557,2016-1-28
558,2014-5-23
559,2014-6-5
560,2014-5-18
561,2014-7-17
562,2015-10-13
563,2014-2-22
564,2014-6-4
565,2015-4-19
566,2015-3-6
567,2016-8-22
568,2016-7-9
569,2016-11-7
570,2014-1-17
571,2015-12-17
572,2016-11-25
573,2016-2-1
574,2015-4-3
575,2014-10-21
576,2015-1-22
577,2015-5-13
578,2016-11-27
579,2016-1-5
580,2015-4-26
581,2016-2-23
582,2015-10-25
583,2016-10-7
584,2016-10-20
585,2016-7-8
586,2015-3-25
587,2015-11-7
588,2014-10-14
589,2016-3-16
590,2014-11-1
591,2016-5-28
592,2016-4-26
593,2014-11-1
594,2015-4-8
595,2015-4-23
596,2015-2-9
597,2016-9-20
598,2014-7-20
599,2015-5-13
600,2014-9-27
601,2014-2-14
602,2015-1-4
603,2016-6-3
604,2016-11-25
605,2016-5-24
606,2015-10-15
607,2015-9-11
608,2016-10-18
609,2015-3-21
610,2016-8-13
611,2015-2-28
612,2014-5-9
613,2015-12-4
614,2014-10-11
615,2016-10-13
616,2014-10-4
617,2014-7-25
618,2014-3-9
619,2016-8-27
620,2016-6-3
621,2016-12-3
622,2014-8-2
623,2015-10-17
624,2015-2-10
625,2015-6-23
626,2015-4-0
627,2015-3-2
628,2016-5-22
629,2016-5-13
630,2015-2-21
631,2016-5-15
632,2015-7-17
633,2015-3-8
634,2015-7-15
635,2015-5-24
636,2016-5-11
637,2016-3-26
638,2015-1-12
639,2015-3-22
640,2015-7-24
641,2016-1-5
642,2014-4-24
643,2016-1-20
644,2014-10-8
645,2015-8-22
646,2015-4-1
647,2015-3-0
648,2014-12-8
649,2014-6-25
650,2014-3-16
651,2016-1-23
652,2015-4-2
653,2014-11-22
654,2015-7-18
655,2016-5-25
656,2014-12-24
657,2014-2-16
658,2015-5-15
659,2016-2-18
660,2015-12-28
661,2016-7-1
662,2016-3-25
663,2015-5-2
664,2015-12-10
665,2014-6-16
666,2015-12-3
667,2015-4-19
668,2016-5-13
669,2014-5-13
670,2014-2-22
671,2016-1-3
672,2014-3-21
673,2016-2-0
674,2016-2-18
675,2015-10-22
676,2014-3-27
677,2014-4-22
678,2014-9-24
679,2015-5-12
680,2016-7-10
681,2014-12-24
682,2015-6-25
683,2016-5-5
684,2016-2-9
685,2014-3-1
686,2016-7-10
687,2016-11-27
688,2016-10-4
689,2015-7-7
690,2016-3-7
691,2015-1-12
692,2014-2-27
693,2016-2-16
694,2014-7-23
695,2014-10-2
696,2016-10-9
697,2014-6-16
698,2016-10-3
699,2014-5-28
700,2015-9-15
701,2015-3-27
702,2014-3-15
703,2014-11-24
704,2014-3-1
705,2016-5-15
706,2014-12-2
707,2015-5-28
708,2015-6-15
709,2016-11-12
710,2016-9-25
711,2014-6-10
712,2016-8-10
713,2016-10-3
714,2016-8-22
715,2014-7-21
716,2014-8-19
717,2015-2-4
718,2015-1-7
719,2016-1-27
720,2016-10-14
721,2015-2-23
722,2014-12-10
723,2016-3-2
724,2015-9-5
725,2016-3-14
726,2016-8-21
727,2015-10-18
728,2014-3-8
729,2014-9-10
730,2015-4-22
731,2015-11-22
732,2015-3-13
733,2016-5-23
734,2015-10-28
735,2016-3-11
736,2015-8-9
737,2014-3-9
738,2016-7-8
739,2015-7-20
740,2015-10-2
741,2014-6-18
742,2016-10-0
743,2016-12-12
744,2015-5-6
745,2015-12-16
746,2015-8-24
747,2016-7-24
748,2016-1-27
749,2015-10-7
750,2016-3-25
751,2016-6-28
752,2014-4-20
753,2014-1-14
754,2014-11-11
755,2015-11-25
756,2016-2-9
757,2016-4-11
758,2014-10-15
759,2014-2-14
760,2016-3-1
761,2014-3-1
762,2016-9-22
763,2015-2-12
764,2015-12-7
765,2014-4-11
766,2016-8-10
767,2014-10-9
768,2014-12-27
769,2016-1-19
770,2014-4-25
771,2014-6-18
772,2015-4-3
773,2014-7-19
774,2016-5-15
775,2016-12-18
776,2016-6-26
777,2015-12-4
778,2015-12-28
779,2015-10-6
780,2014-9-18
781,2014-7-19
782,2014-12-9
783,2014-1-2
784,2016-2-10
785,2015-2-17
786,2014-4-21
787,2015-4-8
788,2016-12-6
789,2015-1-6
790,2016-7-13
791,2015-11-23
792,2014-5-28
793,2015-2-17
794,2016-10-23
795,2015-4-7
796,2016-4-7
797,2016-4-19
798,2016-1-23
799,2016-6-9
800,2015-4-10
801,2016-3-15
802,2016-4-7
803,2015-6-1
804,2015-10-7
805,2016-3-23
806,2015-6-22
807,2015-12-1
808,2015-9-6
809,2014-9-18
810,2015-5-14
811,2016-10-24
812,2016-5-25
813,2015-1-18
814,2015-2-1
815,2015-8-5
816,2014-9-16
817,2015-1-12
818,2014-12-2
819,2014-2-19
820,2014-8-11
821,2015-9-20
822,2016-4-17
823,2016-4-12
824,2015-11-11
825,2015-5-12
826,2015-6-0
827,2016-4-4
828,2016-9-13
829,2016-6-11
830,2014-9-9
831,2014-4-19
832,2016-10-9
833,2015-12-8
834,2014-4-2
835,2014-4-12
836,2014-6-10
837,2014-1-25
838,2016-2-17
839,2015-4-13
840,2014-6-4
841,2014-7-6
842,2015-5-8
843,2016-7-6
844,2016-12-24
845,2016-9-14
846,2014-11-6
847,2016-11-13
848,2016-11-9
849,2016-2-5
850,2016-8-19
851,2016-4-27
852,2016-1-2
853,2016-4-0
854,2014-11-1
855,2014-9-21
856,2015-2-20
857,2016-5-2
858,2016-8-13
859,2015-4-16
860,2016-4-21
861,2014-3-2
862,2014-3-6
863,2016-9-10
864,2016-3-5
865,2015-6-11
866,2014-10-4
867,2015-3-2
868,2014-1-16
869,2015-1-5
870,2014-2-20
871,2014-1-4
872,2015-8-22
873,2015-7-17
874,2015-4-14
875,2014-3-20
876,2014-2-5
877,2014-2-10
878,2015-2-15
879,2015-6-3
880,2014-8-3
881,2014-3-3
882,2015-11-27
883,2014-8-21
884,2015-5-24
885,2015-7-5
886,2016-11-2
887,2015-9-22
888,2016-4-12
889,2015-11-22
890,2016-1-18
891,2015-5-26
892,2015-5-1
893,2016-5-14
894,2015-7-6
895,2014-3-8
896,2014-6-14
897,2015-12-18
898,2015-1-28
899,2016-4-12
900,2015-8-23
901,2015-6-7
902,2014-4-5
903,2016-11-14
904,2014-7-4
905,2015-2-15
906,2014-2-12
907,2015-9-27
908,2016-11-7
909,2014-1-28
910,2016-6-3
911,2014-10-13
912,2016-9-14
913,2015-2-13
914,2016-2-4
915,2014-9-9
916,2016-9-0
917,2014-10-26
918,2014-2-16
919,2016-5-20
920,2016-9-28
921,2014-2-16
922,2014-12-4
923,2014-2-18
924,2016-1-12
925,2016-4-9
926,2015-7-7
927,2016-9-14
928,2016-2-10
929,2014-1-10
930,2014-9-13
931,2016-5-15
932,2016-4-14
933,2014-3-10
934,2014-8-1
935,2015-1-5
936,2014-12-1
937,2014-7-6
938,2016-10-25
939,2016-5-11
940,2015-3-19
941,2016-4-6
942,2014-10-3
943,2016-10-20
944,2014-1-11
945,2016-5-10
946,2016-2-24
947,2014-7-24
948,2014-11-18
949,2014-1-23
950,2014-6-19
951,2015-3-13
952,2015-4-24
953,2014-4-17
954,2014-10-17
955,2016-5-9
956,2015-2-13
957,2014-1-15
958,2015-4-27
959,2014-9-20
960,2015-7-25
961,2014-6-4
962,2014-9-12
963,2014-5-23
964,2014-7-15
965,2015-8-12
966,2015-2-7
967,2016-9-25
968,2016-2-25
969,2015-12-2
970,2014-5-15
971,2016-2-25
972,2014-1-26
973,2015-1-20
974,2015-7-11
975,2016-5-28
976,2016-5-14
977,2014-12-7
978,2014-7-8
979,2016-10-25
980,2016-7-6
981,2016-1-24
982,2015-4-2
983,2014-3-7
984,2015-8-3
985,2015-3-11
986,2015-4-21
987,2015-5-7
988,2016-11-1
989,2016-7-25
990,2015-4-27
991,2014-3-22
992,2014-1-7
993,2014-4-2
994,2016-6-23
995,2016-11-9
996,2016-12-25
997,2014-11-25
998,2016-11-5
999,2015-6-21
1000,2015-2-9
1001,2015-10-5
1002,2016-5-22
1003,2015-10-10
1004,2015-6-25
1005,2016-4-21
1006,2015-9-3
1007,2015-5-11
1008,2016-7-16
1009,2014-6-23
1010,2016-2-20
1011,2016-9-13
1012,2016-4-7
1013,2015-1-21
1014,2015-10-8
1015,2016-4-25
1016,2016-11-14
1017,2016-1-1
1018,2014-1-18
1019,2014-5-28
1020,2014-10-8
1021,2015-3-15
1022,2016-7-7
1023,2014-12-6
1024,2016-7-6
1025,2014-5-9
1026,2015-12-13
1027,2016-5-4
1028,2014-10-10
1029,2014-10-24
1030,2014-1-6
1031,2016-5-7
1032,2015-9-4
1033,2015-2-16
1034,2014-1-8
1035,2014-1-10
1036,2015-9-15
1037,2015-6-2
1038,2015-6-6
1039,2016-2-11
1040,2016-12-11
1041,2016-8-9
1042,2015-11-24
1043,2014-10-24
1044,2014-9-4
1045,2015-4-12
1046,2014-2-26
1047,2015-7-5
1048,2016-11-7
1049,2016-9-16
1050,2014-3-4
1051,2016-3-4
1052,2015-3-28
1053,2016-9-3
1054,2014-12-0
1055,2016-8-22
1056,2014-1-15
1057,2014-5-9
1058,2014-11-13
1059,2014-6-1
1060,2016-4-11
1061,2014-11-0
1062,2015-4-20
1063,2014-9-5
1064,2015-3-1
1065,2016-7-14
1066,2016-11-25
1067,2016-3-17
1068,2016-6-8
1069,2016-8-22
1070,2014-11-25
1071,2014-2-11
1072,2015-6-27
1073,2015-10-7
1074,2015-10-9
1075,2015-10-21
1076,2016-5-13
1077,2015-7-14
1078,2016-1-28
1079,2014-7-22
1080,2016-2-4
1081,2015-2-11
1082,2015-9-16
1083,2016-11-1
1084,2014-2-2
1085,2014-4-15
1086,2014-6-17
1087,2014-2-26
1088,2016-5-18
1089,2016-2-5
1090,2016-8-23
1091,2014-7-6
1092,2015-9-26
1093,2016-3-25
1094,2016-1-6
1095,2014-7-22
1096,2014-5-2
1097,2014-7-21
1098,2014-12-11
1099,2016-2-25
1100,2016-6-22
1101,2016-12-23
1102,2015-9-22
1103,2016-9-16
1104,2014-2-21
1105,2015-6-10
1106,2014-3-5
1107,2016-2-5
1108,2016-9-10
1109,2014-3-4
1110,2016-8-20
1111,2016-6-2
1112,2014-12-16
1113,2016-9-8
1114,2015-8-23
1115,2016-8-15
1116,2014-9-10
1117,2014-12-11
1118,2014-9-2
1119,2016-6-25
1120,2015-3-27
1121,2014-12-3
1122,2014-12-25
1123,2015-5-22
1124,2014-6-19
1125,2016-11-8
1126,2014-4-28
1127,2016-7-22
1128,2014-8-18
1129,2016-8-1
1130,2016-3-1
1131,2016-11-23
1132,2015-9-19
1133,2016-10-17
1134,2015-2-4
1135,2014-10-25
1136,2016-8-11
1137,2016-5-3
1138,2016-2-23
1139,2015-6-25
1140,2014-12-8
1141,2016-4-2
1142,2014-6-11
1143,2014-5-9
1144,2016-11-22
1145,2014-11-26
1146,2014-9-21
1147,2016-3-16
1148,2014-5-0
1149,2015-6-25
1150,2014-4-2
1151,2014-10-0
1152,2015-4-12
1153,2015-8-20
1154,2014-2-1
1155,2015-1-27
1156,2015-12-3
1157,2016-2-27
1158,2016-12-12
1159,2014-9-12
1160,2015-5-9
1161,2014-2-27
1162,2015-3-1
1163,2015-10-25
1164,2015-8-24
1165,2016-8-24
1166,2016-2-16
1167,2014-1-27
1168,2014-1-4
1169,2015-1-10
1170,2015-1-25
1171,2015-7-24
1172,2014-4-27
1173,2016-1-0
1174,2015-7-14
1175,2015-12-23
1176,2014-3-26
1177,2016-4-24
1178,2015-10-13
1179,2015-10-8
1180,2016-11-25
1181,2015-1-27
1182,2016-4-19
1183,2015-4-16
1184,2014-10-14
1185,2014-10-22
1186,2014-4-13
1187,2014-6-20
1188,2015-5-28
1189,2016-12-18
1190,2015-1-27
1191,2015-10-1
1192,2015-9-1
1193,2016-7-22
1194,2016-8-4
1195,2016-3-27
1196,2015-6-18
1197,2015-4-9
1198,2015-11-17
1199,2016-5-26
1200,2016-6-13
1201,2014-10-21
1202,2014-8-8
1203,2016-10-18
1204,2016-2-26
1205,2016-4-3
1206,2015-3-15
1207,2014-11-0
1208,2014-1-12
1209,2016-10-19
1210,2014-7-13
1211,2014-9-23
1212,2014-2-28
1213,2014-1-5
1214,2015-6-25
1215,2014-2-22
1216,2014-10-17
1217,2015-9-0
1218,2014-11-17
1219,2015-9-27
1220,2015-9-14
1221,2016-1-8
1222,2014-4-27
1223,2016-4-14
1224,2016-3-22
1225,2016-9-23
1226,2016-4-15
1227,2014-4-23
1228,2016-7-21
1229,2016-2-24
1230,2016-4-15
1231,2015-10-11
1232,2016-3-15
1233,2016-6-12
1234,2015-2-19
1235,2016-10-5
1236,2014-4-18
1237,2016-1-24
1238,2016-5-18
1239,2014-10-19
1240,2014-10-2
1241,2016-3-8
1242,2016-6-7
1243,2015-3-24
1244,2016-4-19
1245,2015-6-20
1246,2014-3-22
1247,2016-9-22
1248,2016-9-24
1249,2015-7-13
1250,2016-4-7
1251,2014-2-20
1252,2015-11-11
1253,2016-1-1
1254,2014-9-26
1255,2016-2-17
1256,2016-9-9
1257,2016-8-5
1258,2016-1-20
1259,2015-1-17
1260,2015-8-11
1261,2016-8-13
1262,2016-3-25
1263,2014-5-21
1264,2016-8-28
1265,2016-6-23
1266,2014-8-2
1267,2014-6-5
1268,2016-9-1
1269,2016-7-21
1270,2016-10-18
1271,2015-12-18
1272,2016-3-8
1273,2015-9-14
1274,2015-5-16
1275,2014-11-4
1276,2016-3-9
1277,2015-4-8
1278,2014-12-22
1279,2014-12-24
1280,2015-12-0
1281,2014-4-5
1282,2014-4-12
1283,2014-6-10
1284,2016-4-23
1285,2014-12-24
1286,2015-11-2
1287,2014-7-4
1288,2016-7-24
1289,2014-12-7
1290,2015-10-20
1291,2014-11-23
1292,2015-3-3
1293,2016-2-9
1294,2015-2-27
1295,2015-2-2
1296,2015-2-24
1297,2016-8-15
1298,2016-8-0
1299,2016-4-3
1300,2015-9-23
1301,2015-7-9
1302,2016-1-0
1303,2014-5-22
1304,2015-1-22
1305,2016-9-20
1306,2015-11-26
1307,2015-11-13
1308,2014-6-11
1309,2016-1-1
1310,2015-6-23
1311,2014-2-24
1312,2014-7-19
1313,2016-9-2
1314,2016-11-18
1315,2014-9-27
1316,2015-1-15
1317,2016-10-15
1318,2014-10-9
1319,2015-4-21
1320,2014-9-18
1321,2015-3-14
1322,2015-10-5
1323,2015-3-26
1324,2015-12-9
1325,2016-12-13
1326,2016-5-16
1327,2016-9-28
1328,2015-10-5
1329,2014-5-9
1330,2015-11-3
1331,2016-9-25
1332,2014-10-5
1333,2015-3-3
1334,2016-2-26
1335,2016-11-2
1336,2015-7-19
1337,2016-10-8
1338,2015-10-18
1339,2014-5-11
1340,2014-7-9
1341,2014-6-17
1342,2016-9-24
1343,2014-9-4
1344,2016-8-20
1345,2016-8-15
1346,2014-2-24
1347,2014-4-15
1348,2015-3-14
1349,2014-9-25
1350,2014-4-28
1351,2015-4-19
1352,2014-1-9
1353,2015-3-8
1354,2014-7-28
1355,2016-12-4
1356,2015-12-16
1357,2015-5-21
1358,2014-10-7
1359,2014-2-13
1360,2014-12-23
1361,2016-8-23
1362,2014-8-3
1363,2014-2-4
1364,2016-7-26
1365,2015-7-19
1366,2015-9-0
1367,2014-2-15
1368,2014-3-1
1369,2014-7-13
1370,2015-7-24
1371,2015-8-10
1372,2014-7-28
1373,2014-3-24
1374,2016-12-5
1375,2016-7-9
1376,2015-10-0
1377,2015-12-9
1378,2016-12-23
1379,2014-4-23
1380,2016-11-19
1381,2015-7-21
1382,2016-3-0
1383,2014-5-2
1384,2016-6-1
1385,2016-6-22
1386,2016-1-1
1387,2014-1-9
1388,2014-5-18
1389,2014-11-23
1390,2016-11-1
1391,2014-6-23
1392,2015-12-18
1393,2014-5-19
1394,2014-11-5
1395,2016-5-0
1396,2014-10-23
1397,2016-9-11
1398,2015-1-20
1399,2016-3-16
1400,2014-3-6
1401,2016-1-23
1402,2016-9-7
1403,2014-10-20
1404,2015-11-12
1405,2016-6-22
1406,2015-2-16
1407,2015-8-7
1408,2014-6-27
1409,2014-9-13
1410,2016-2-7
1411,2014-12-21
1412,2014-7-18
1413,2015-1-6
1414,2015-4-2
1415,2015-1-27
1416,2014-12-24
1417,2015-11-2
1418,2014-8-14
1419,2015-2-23
1420,2015-1-22
1421,2014-12-7
1422,2016-5-27
1423,2016-10-7
1424,2014-1-10
1425,2015-11-15
1426,2014-8-4
1427,2014-11-3
1428,2016-11-23
1429,2014-2-7
1430,2015-5-18
1431,2015-7-28
1432,2015-2-15
1433,2016-12-22
1434,2015-2-17
1435,2015-5-8
1436,2014-3-10
1437,2014-9-2
1438,2015-12-6
1439,2015-4-17
1440,2014-9-28
1441,2014-3-4
1442,2016-2-13
1443,2016-1-18
1444,2016-2-22
1445,2014-6-0
1446,2014-2-17
1447,2016-1-24
1448,2016-7-23
1449,2014-5-11
1450,2015-8-12
1451,2014-5-4
1452,2015-3-24
1453,2014-2-13
1454,2014-7-23
1455,2015-6-16
1456,2016-11-17
1457,2014-11-18
1458,2015-7-6
1459,2015-3-12
1460,2015-5-28
1461,2014-1-16
1462,2015-5-22
1463,2014-5-24
1464,2016-4-6
1465,2014-6-19
1466,2016-1-6
1467,2015-8-20
1468,2014-12-3
1469,2014-3-23
1470,2016-7-1
1471,2014-3-18
1472,2014-4-10
1473,2015-10-6
1474,2015-10-7
1475,2015-1-16
1476,2014-1-2
1477,2014-3-22
1478,2014-7-0
1479,2016-12-20
1480,2016-12-27
1481,2014-12-19
1482,2015-8-5
1483,2015-9-15
1484,2014-5-27
1485,2014-1-4
1486,2015-5-0
1487,2016-2-14
1488,2014-8-21
1489,2016-10-3
1490,2015-7-16
1491,2015-7-13
1492,2014-8-5
1493,2015-4-18
1494,2016-10-27
1495,2015-2-14
1496,2015-4-6
1497,2014-9-24
1498,2015-7-20
1499,2016-12-1
1500,2015-9-6
1501,2016-1-4
1502,2015-2-20
1503,2015-5-15
1504,2014-11-5
1505,2014-10-28
1506,2014-10-4
1507,2014-5-1
1508,2015-9-15
1509,2014-2-26
1510,2015-5-20
1511,2015-8-24
1512,2016-6-1
1513,2016-10-11
1514,2014-5-16
1515,2016-5-18
1516,2015-1-3
1517,2014-1-18
1518,2016-5-5
1519,2015-11-22
1520,2015-4-19
1521,2015-10-2
1522,2014-11-20
1523,2015-4-27
1524,2015-6-20
1525,2014-10-11
1526,2014-2-21
1527,2015-2-10
1528,2016-7-5
1529,2015-8-1
1530,2015-4-17
1531,2016-3-7
1532,2016-1-25
1533,2015-6-25
1534,2014-2-9
1535,2016-11-11
1536,2016-12-12
1537,2015-3-26
1538,2015-3-17
1539,2014-11-7
1540,2014-4-0
1541,2015-12-24
1542,2016-12-12
1543,2015-3-14
1544,2016-5-24
1545,2014-11-24
1546,2016-8-8
1547,2016-6-9
1548,2016-10-23
1549,2015-5-7
1550,2015-2-8
1551,2015-8-25
1552,2016-5-2
1553,2015-11-20
1554,2016-3-12
1555,2014-4-7
1556,2015-7-9
1557,2014-7-28
1558,2016-10-13
1559,2016-7-13
1560,2015-7-7
1561,2015-10-8
1562,2016-10-0
1563,2016-10-5
1564,2016-6-5
1565,2016-11-1
1566,2016-2-28
1567,2016-1-26
1568,2016-2-16
1569,2014-2-9
1570,2016-2-9
1571,2016-7-26
1572,2014-4-5
1573,2015-12-5
1574,2016-8-14
1575,2014-4-28
1576,2014-8-1
1577,2014-1-4
1578,2015-5-9
1579,2016-6-23
1580,2014-2-12
1581,2016-7-8
1582,2014-12-8
1583,2016-6-24
1584,2015-9-8
1585,2015-4-7
1586,2014-6-3
1587,2016-12-19
1588,2014-12-8
1589,2016-8-14
1590,2015-7-23
1591,2014-8-20
1592,2016-9-20
1593,2014-12-19
1594,2014-7-16
1595,2016-3-20
1596,2015-7-11
1597,2014-12-11
1598,2014-8-15
1599,2016-2-4
1600,2015-5-28
1601,2015-5-19
1602,2015-12-17
1603,2016-7-4
1604,2016-5-20
1605,2014-4-1
1606,2015-1-20
1607,2016-8-12
1608,2016-12-22
1609,2015-1-28
1610,2015-12-28
1611,2015-4-18
1612,2014-11-14
1613,2015-5-18
1614,2016-9-16
1615,2014-8-28
1616,2014-5-25
1617,2014-12-28
1618,2016-12-26
1619,2014-6-0
1620,2014-8-2
1621,2015-6-25
1622,2015-5-14
1623,2014-7-20
1624,2016-3-28
1625,2015-8-10
1626,2014-7-13
1627,2016-1-14
1628,2016-2-1
1629,2016-1-2
1630,2014-10-19
1631,2016-3-0
1632,2015-2-21
1633,2015-11-26
1634,2016-11-22
1635,2016-10-18
1636,2014-3-4
1637,2015-8-1
1638,2015-12-10
1639,2015-11-8
1640,2016-7-5
1641,2016-8-9
1642,2016-12-5
1643,2014-2-6
1644,2015-12-12
1645,2016-11-27
1646,2016-10-27
1647,2014-12-5
1648,2014-2-25
1649,2014-12-25
1650,2016-11-1
1651,2015-1-25
1652,2014-9-21
1653,2016-3-22
1654,2016-4-28
1655,2015-3-17
1656,2016-6-26
1657,2016-3-12
1658,2014-11-2
1659,2014-8-13
1660,2016-1-24
1661,2014-9-6
1662,2016-10-3
1663,2015-7-27
1664,2016-6-14
1665,2014-4-3
1666,2016-3-19
1667,2015-5-6
1668,2016-9-12
1669,2014-8-16
1670,2016-3-14
1671,2015-2-9
1672,2016-3-4
1673,2015-8-4
1674,2016-7-23
1675,2016-10-25
1676,2015-5-4
1677,2015-7-17
1678,2014-6-2
1679,2015-1-22
1680,2014-5-8
1681,2015-10-26
1682,2016-3-18
1683,2016-3-6
1684,2014-2-10
1685,2015-7-17
1686,2016-7-23
1687,2016-7-6
1688,2016-9-23
1689,2015-9-11
1690,2015-5-28
1691,2016-9-6
1692,2016-3-25
1693,2015-3-21
1694,2016-12-27
1695,2015-5-0
1696,2014-6-22
1697,2014-8-9
1698,2015-12-11
1699,2015-4-16
1700,2016-7-13
1701,2015-3-14
1702,2015-9-27
1703,2016-9-28
1704,2016-11-23
1705,2016-2-28
1706,2016-11-21
1707,2016-4-1
1708,2014-5-19
1709,2015-6-3
1710,2014-7-0
1711,2014-11-28
1712,2014-2-24
1713,2014-2-10
1714,2015-9-12
1715,2016-5-23
1716,2014-7-3
1717,2014-10-26
1718,2014-8-26
1719,2014-8-20
1720,2014-8-26
1721,2016-12-28
1722,2016-4-21
1723,2016-4-19
1724,2015-11-2
1725,2015-12-15
1726,2014-2-12
1727,2015-12-12
1728,2016-6-15
1729,2014-10-6
1730,2014-3-15
1731,2014-9-9
1732,2016-2-27
1733,2015-11-11
1734,2015-9-16
1735,2014-9-10
1736,2014-2-28
1737,2015-6-5
1738,2016-6-20
1739,2015-7-1
1740,2015-6-20
1741,2014-1-12
1742,2015-6-11
1743,2016-4-13
1744,2016-3-14
1745,2016-10-13
1746,2015-4-28
1747,2014-1-8
1748,2014-11-21
1749,2016-12-7
1750,2016-10-26
1751,2016-10-27
1752,2016-2-9
1753,2016-8-20
1754,2015-8-16
1755,2014-6-13
1756,2015-4-24
1757,2015-7-4
1758,2015-6-22
1759,2016-5-7
1760,2014-9-21
1761,2016-1-25
1762,2014-3-5
1763,2015-1-11
1764,2014-1-19
1765,2014-9-17
1766,2014-11-28
1767,2014-3-21
1768,2016-4-15
1769,2014-12-6
1770,2015-9-20
1771,2015-1-16
1772,2014-1-20
1773,2015-9-9
1774,2015-10-11
1775,2015-6-27
1776,2014-3-7
1777,2016-10-15
1778,2014-7-16
1779,2016-9-19
1780,2016-10-26
1781,2014-6-0
1782,2014-2-17
1783,2016-3-7
1784,2014-11-0
1785,2015-12-6
1786,2014-6-21
1787,2014-1-0
1788,2015-1-12
1789,2015-6-21
1790,2014-1-16
1791,2015-1-23
1792,2016-3-25
1793,2016-6-9
1794,2015-12-11
1795,2016-9-26
1796,2016-4-18
1797,2014-2-7
1798,2015-8-22
1799,2014-8-18
1800,2014-8-27
1801,2016-2-24
1802,2016-3-1
1803,2015-3-26
1804,2015-6-17
1805,2016-2-25
1806,2014-3-23
1807,2014-2-26
1808,2015-4-7
1809,2014-11-1
1810,2015-5-19
1811,2015-1-15
1812,2015-9-11
1813,2014-8-21
1814,2016-5-17
1815,2014-7-27
1816,2014-1-4
1817,2015-11-8
1818,2014-11-7
1819,2015-2-0
1820,2016-4-10
1821,2015-12-4
1822,2015-3-1
1823,2016-9-16
1824,2014-2-22
1825,2016-2-26
1826,2016-11-25
1827,2014-9-27
1828,2016-12-1
1829,2015-6-9
1830,2015-10-20
1831,2015-2-24
1832,2015-3-7
1833,2016-9-5
1834,2014-12-27
1835,2015-9-8
1836,2015-7-2
1837,2015-10-10
1838,2014-9-13
1839,2015-1-22
1840,2016-10-21
1841,2015-11-26
1842,2016-11-20
1843,2016-12-24
1844,2016-7-6
1845,2015-7-27
1846,2014-5-24
1847,2015-6-17
1848,2015-8-22
1849,2016-3-14
1850,2016-12-25
1851,2016-4-7
1852,2016-5-4
1853,2015-1-22
1854,2016-10-18
1855,2014-12-7
1856,2015-5-26
1857,2015-8-8
1858,2016-9-12
1859,2016-10-17
1860,2014-8-6
1861,2016-12-15
1862,2015-10-25
1863,2014-7-28
1864,2016-2-21
1865,2016-11-11
1866,2015-1-8
1867,2015-5-23
1868,2015-7-19
1869,2015-3-14
1870,2014-7-27
1871,2015-5-15
1872,2014-6-26
1873,2015-10-4
1874,2015-7-2
1875,2016-3-19
1876,2014-10-1
1877,2014-8-19
1878,2015-12-27
1879,2014-1-23
1880,2016-7-16
1881,2014-7-24
1882,2015-7-3
1883,2014-1-5
1884,2014-9-27
1885,2015-1-1
1886,2016-4-7
1887,2016-12-12
1888,2014-6-21
1889,2015-9-4
1890,2015-12-25
1891,2015-2-25
1892,2016-2-21
1893,2015-8-17
1894,2016-11-18
1895,2015-1-3
1896,2015-2-6
1897,2016-7-28
1898,2014-7-25
1899,2015-12-19
1900,2016-11-4
1901,2015-10-11
1902,2015-11-12
1903,2016-3-17
1904,2016-8-24
1905,2016-12-26
1906,2015-11-20
1907,2014-9-23
1908,2014-3-24
1909,2016-5-7
1910,2016-2-0
1911,2014-11-24
1912,2015-5-13
1913,2015-2-21
1914,2014-3-19
1915,2015-6-26
1916,2016-12-8
1917,2016-3-28
1918,2016-2-9
1919,2014-12-8
1920,2015-10-9
1921,2014-12-14
1922,2014-6-6
1923,2016-4-10
1924,2016-12-21
1925,2014-9-22
1926,2016-9-3
1927,2015-7-24
1928,2015-7-14
1929,2015-2-2
1930,2015-10-10
1931,2016-8-15
1932,2015-4-23
1933,2016-7-16
1934,2014-2-5
1935,2014-10-27
1936,2016-8-5
1937,2015-9-6
1938,2016-6-4
1939,2015-2-25
1940,2014-6-22
1941,2014-12-19
1942,2014-10-26
1943,2014-4-23
1944,2015-1-25
1945,2016-8-0
1946,2014-9-0
1947,2014-2-19
1948,2016-12-24
1949,2015-4-2
1950,2014-3-10
1951,2014-8-3
1952,2015-4-25
1953,2016-3-0
1954,2014-10-18
1955,2016-11-2
1956,2015-2-15
1957,2014-3-27
1958,2014-1-5
1959,2015-3-6
1960,2015-12-5
1961,2015-6-11
1962,2016-9-3
1963,2015-1-13
1964,2014-5-15
1965,2014-12-28
1966,2014-12-26
1967,2015-9-9
1968,2014-9-28
1969,2014-6-5
1970,2015-12-28
1971,2016-12-24
1972,2014-11-9
1973,2015-7-9
1974,2015-3-17
1975,2015-8-25
1976,2014-3-22
1977,2016-6-12
1978,2016-3-21
1979,2016-2-19
1980,2015-11-23
1981,2015-4-17
1982,2015-12-15
1983,2016-6-24
1984,2014-2-2
1985,2015-4-15
1986,2016-7-14
1987,2016-9-22
1988,2014-10-14
1989,2015-2-10
1990,2015-6-25
1991,2015-4-13
1992,2014-10-27
1993,2015-10-17
1994,2014-12-10
1995,2014-4-28
1996,2014-11-10
1997,2015-12-19
1998,2015-8-14
1999,2015-8-11
2000,2014-4-9
2001,2014-9-17
2002,2016-4-28
2003,2016-11-5
2004,2016-8-9
2005,2015-12-10
2006,2015-10-24
2007,2016-2-14
2008,2016-12-3
2009,2015-4-25
2010,2015-9-12
2011,2016-3-18
2012,2016-3-19
2013,2014-6-23
2014,2015-4-14
2015,2014-10-18
2016,2015-11-5
2017,2016-9-15
2018,2014-9-3
2019,2016-10-4
2020,2015-6-16
2021,2016-2-3
2022,2016-8-1
2023,2015-11-14
2024,2015-9-15
2025,2014-10-9
2026,2014-12-5
2027,2015-5-2
2028,2014-6-10
2029,2016-8-28
2030,2014-4-17
2031,2014-12-8
2032,2015-9-12
2033,2016-10-14
2034,2016-2-19
2035,2015-12-7
2036,2015-1-2
2037,2014-3-17
2038,2016-5-22
2039,2015-4-18
2040,2015-4-13
2041,2015-9-0
2042,2014-3-12
2043,2016-8-17
2044,2016-8-8
2045,2014-9-16
2046,2014-12-24
2047,2015-9-6
2048,2015-1-14
2049,2015-5-28
2050,2014-8-3
2051,2014-12-0
2052,2015-8-22
2053,2014-7-26
2054,2015-1-19
2055,2015-3-13
2056,2014-6-3
2057,2015-8-11
2058,2015-10-6
2059,2016-9-25
2060,2015-10-1
2061,2014-9-2
2062,2016-4-17
2063,2015-6-28
2064,2014-11-25
2065,2016-9-2
2066,2014-6-14
2067,2014-4-0
2068,2014-3-24
2069,2014-2-9
2070,2015-4-15
2071,2016-5-26
2072,2014-3-17
2073,2014-9-21
2074,2015-12-22
2075,2016-6-20
2076,2014-4-27
2077,2015-1-24
2078,2015-6-20
2079,2015-6-10
2080,2016-8-13
2081,2015-9-1
2082,2015-3-24
2083,2016-3-18
2084,2015-10-24
2085,2016-5-2
2086,2016-5-6
2087,2016-9-16
2088,2015-8-4
2089,2014-6-27
2090,2016-6-14
2091,2015-4-16
2092,2014-1-9
2093,2014-6-16
2094,2016-1-17
2095,2016-2-5
2096,2014-6-5
2097,2015-4-15
2098,2016-10-9
2099,2015-8-14
2100,2016-1-12
2101,2015-7-20
2102,2016-4-12
2103,2014-1-21
2104,2016-12-28
2105,2014-10-5
2106,2014-10-27
2107,2014-10-8
2108,2014-9-7
2109,2014-8-1
2110,2014-4-27
2111,2016-5-10
2112,2014-6-23
2113,2014-2-21
2114,2015-9-18
2115,2016-7-14
2116,2014-11-18
2117,2016-6-23
2118,2016-7-4
2119,2016-9-28
2120,2016-8-6
2121,2014-8-22
2122,2015-5-14
2123,2014-8-1
2124,2016-12-15
2125,2014-3-20
2126,2015-8-20
2127,2014-2-14
2128,2015-6-0
2129,2015-4-22
2130,2015-5-27
2131,2015-8-13
2132,2015-1-10
2133,2014-9-9
2134,2014-12-16
2135,2015-11-26
2136,2014-5-8
2137,2015-1-19
2138,2014-6-18
2139,2014-2-0
2140,2015-11-24
2141,2014-9-1
2142,2015-1-4
2143,2014-6-10
2144,2014-4-16
2145,2014-8-2
2146,2016-1-2
2147,2014-5-24
2148,2016-1-15
2149,2014-5-5
2150,2015-6-11
2151,2016-2-5
2152,2014-7-12
2153,2016-10-6
2154,2016-11-23
2155,2014-4-3
2156,2014-8-4
2157,2015-5-25
2158,2014-10-22
2159,2015-9-28
2160,2014-6-25
2161,2016-4-9
2162,2016-8-26
2163,2015-1-7
2164,2015-7-9
2165,2014-3-4
2166,2014-5-9
2167,2014-7-10
2168,2016-8-7
2169,2015-3-24
2170,2016-7-7
2171,2016-8-18
2172,2016-9-14
2173,2016-9-7
2174,2015-2-1
2175,2014-1-11
2176,2015-4-4
2177,2014-7-27
2178,2014-3-12
2179,2015-10-8
2180,2014-10-6
2181,2015-10-0
2182,2015-10-28
2183,2015-8-14
2184,2014-10-3
2185,2014-6-12
2186,2015-3-9
2187,2014-7-17
2188,2014-11-4
2189,2016-4-5
2190,2016-2-0
2191,2015-1-22
2192,2016-7-5
2193,2016-11-25
2194,2015-10-27
2195,2016-7-12
2196,2016-6-6
2197,2015-8-24
2198,2014-5-15
2199,2016-12-9
2200,2016-2-14
2201,2016-12-14
2202,2014-9-11
2203,2016-6-1
2204,2014-8-19
2205,2014-8-14
2206,2016-7-4
2207,2014-6-24
2208,2015-7-23
2209,2014-2-15
2210,2015-1-13
2211,2015-6-4
2212,2014-3-21
2213,2014-10-8
2214,2015-4-1
2215,2015-2-25
2216,2014-9-13
2217,2014-4-12
2218,2016-6-22
2219,2015-10-16
2220,2015-5-17
2221,2015-10-22
2222,2016-1-22
2223,2014-10-27
2224,2015-5-5
2225,2015-2-28
2226,2015-10-18
2227,2014-1-6
2228,2014-4-27
2229,2016-3-10
2230,2015-1-26
2231,2014-11-21
2232,2016-4-26
2233,2016-9-7
2234,2014-8-21
2235,2015-7-11
2236,2015-8-15
2237,2016-12-26
2238,2015-12-5
2239,2016-2-13
2240,2014-3-21
2241,2016-7-10
2242,2014-6-11
2243,2016-6-2
2244,2014-12-5
2245,2015-1-6
2246,2016-2-9
2247,2014-2-7
2248,2015-4-17
2249,2015-9-24
2250,2015-6-12
2251,2015-5-10
2252,2014-7-26
2253,2015-10-18
2254,2015-5-23
2255,2016-12-1
2256,2015-9-19
2257,2014-7-1
2258,2016-12-25
2259,2016-12-6
2260,2014-12-22
2261,2014-9-20
2262,2014-6-11
2263,2015-8-21
2264,2015-6-14
2265,2014-4-18
2266,2015-3-13
2267,2015-12-25
2268,2016-3-12
2269,2015-1-10
2270,2014-2-12
2271,2015-10-13
2272,2015-9-3
2273,2016-7-23
2274,2015-5-18
2275,2014-10-6
2276,2015-3-9
2277,2014-11-18
2278,2016-12-27
2279,2014-8-18
2280,2014-10-25
2281,2015-5-18
2282,2014-11-12
2283,2014-4-23
2284,2015-5-1
2285,2014-6-2
2286,2016-2-5
2287,2015-12-9
2288,2015-2-26
2289,2016-5-8
2290,2015-11-28
2291,2015-6-15
2292,2014-8-14
2293,2015-11-28
2294,2016-8-9
2295,2014-10-5
2296,2016-8-9
2297,2016-4-10
2298,2015-5-11
2299,2015-2-5
2300,2014-1-4
2301,2014-1-18
2302,2016-11-18
2303,2015-11-5
2304,2014-2-19
2305,2016-9-27
2306,2014-12-4
2307,2016-9-11
2308,2014-10-27
2309,2016-10-23
2310,2016-4-4
2311,2016-7-9
2312,2014-3-22
2313,2014-3-14
2314,2015-1-10
2315,2015-4-1
2316,2014-1-6
2317,2014-5-10
2318,2015-3-22
2319,2014-3-24
2320,2014-10-19
2321,2014-10-8
2322,2014-10-17
2323,2015-8-3
2324,2015-1-15
2325,2015-4-7
2326,2015-3-23
2327,2015-5-9
2328,2016-4-28
2329,2014-6-7
2330,2016-4-20
2331,2014-12-15
2332,2014-4-2
2333,2014-8-1
2334,2015-12-24
2335,2014-1-27
2336,2016-4-1
2337,2016-10-23
2338,2015-10-0
2339,2015-9-9
2340,2016-7-28
2341,2015-6-27
2342,2014-6-5
2343,2014-5-19
2344,2014-3-21
2345,2014-6-12
2346,2016-4-23
2347,2015-11-8
2348,2014-12-8
2349,2016-7-18
2350,2015-3-6
2351,2014-9-14
2352,2016-8-8
2353,2014-3-12
2354,2014-11-16
2355,2015-8-7
2356,2016-3-17
2357,2016-10-6
2358,2014-5-8
2359,2014-4-3
2360,2014-8-19
2361,2014-3-13
2362,2014-6-5
2363,2016-5-28
2364,2014-8-15
2365,2016-2-17
2366,2014-11-11
2367,2016-1-24
2368,2015-3-9
2369,2015-3-18
2370,2015-6-12
2371,2015-9-13
2372,2015-2-1
2373,2016-3-26
2374,2016-2-20
2375,2014-12-27
2376,2015-3-0
2377,2014-7-9
2378,2015-6-25
2379,2016-6-25
2380,2016-11-16
2381,2014-3-20
2382,2016-1-17
2383,2015-7-22
2384,2016-12-23
2385,2014-4-0
2386,2014-6-15
2387,2015-3-28
2388,2015-9-5
2389,2015-3-19
2390,2016-12-17
2391,2015-11-16
2392,2015-1-19
2393,2014-6-24
2394,2016-7-13
2395,2015-9-25
2396,2015-12-6
2397,2015-12-24
2398,2016-10-15
2399,2015-2-19
2400,2015-8-7
2401,2016-11-21
2402,2016-12-10
2403,2014-9-18
2404,2016-12-11
2405,2016-4-1
2406,2015-3-20
2407,2016-5-19
2408,2014-4-14
2409,2016-7-19
2410,2015-4-24
2411,2016-1-28
2412,2015-6-15
2413,2016-6-28
2414,2015-7-16
2415,2014-9-10
2416,2015-5-28
2417,2014-10-20
2418,2015-4-12
2419,2016-9-15
2420,2015-4-13
2421,2015-11-10
2422,2015-12-25
2423,2014-9-0
2424,2016-8-7
2425,2014-2-6
2426,2016-8-28
2427,2015-7-15
2428,2016-9-0
2429,2016-8-14
2430,2015-7-2
2431,2016-1-12
2432,2016-6-11
2433,2016-1-12
2434,2016-8-19
2435,2015-11-12
2436,2016-11-0
2437,2014-1-20
2438,2015-10-4
2439,2015-7-19
2440,2014-7-13
2441,2014-4-2
2442,2016-1-10
2443,2015-9-28
2444,2015-11-3
2445,2016-8-5
2446,2014-11-10
2447,2015-9-19
2448,2016-8-26
2449,2016-2-15
2450,2015-2-27
2451,2014-2-6
2452,2015-11-19
2453,2014-1-13
2454,2016-2-21
2455,2014-6-27
2456,2015-2-1
2457,2015-10-20
2458,2015-10-26
2459,2014-8-8
2460,2016-7-18
2461,2014-6-4
2462,2015-3-5
2463,2014-8-2
2464,2014-4-27
2465,2016-4-19
2466,2014-4-14
2467,2015-10-15
2468,2016-3-25
2469,2015-9-24
2470,2014-7-12
2471,2016-1-2
2472,2016-6-4
2473,2016-7-4
2474,2016-12-5
2475,2015-1-23
2476,2016-9-20
2477,2015-2-6
2478,2015-8-18
2479,2016-6-24
2480,2014-8-13
2481,2015-12-20
2482,2014-3-7
2483,2014-3-6
2484,2016-7-27
2485,2016-12-25
2486,2016-12-13
2487,2014-5-8
2488,2014-6-22
2489,2016-4-23
2490,2015-7-2
2491,2015-11-12
2492,2015-10-23
2493,2015-2-10
2494,2016-1-17
2495,2014-12-22
2496,2014-4-5
2497,2015-2-20
2498,2016-11-17
2499,2014-7-21
2500,2014-11-10
2501,2014-11-5
2502,2014-10-23
2503,2015-9-6
2504,2016-8-5
2505,2016-3-8
2506,2015-1-1
2507,2016-8-3
2508,2014-10-17
2509,2014-3-19
2510,2016-3-6
2511,2014-10-19
2512,2014-11-15
2513,2015-5-20
2514,2015-12-14
2515,2015-11-0
2516,2014-4-22
2517,2014-3-1
2518,2016-5-28
2519,2016-1-7
2520,2015-11-4
2521,2016-5-4
2522,2015-7-27
2523,2015-2-9
2524,2015-7-8
2525,2015-12-23
2526,2014-8-18
2527,2015-5-27
2528,2016-9-7
2529,2015-2-3
2530,2015-4-25
2531,2014-10-20
2532,2016-4-28
2533,2016-3-15
2534,2016-10-25
2535,2016-1-12
2536,2015-1-20
2537,2016-5-1
2538,2016-6-9
2539,2015-9-21
2540,2016-9-3
2541,2014-2-3
2542,2014-8-9
2543,2014-7-27
2544,2015-3-16
2545,2014-1-23
2546,2015-2-1
2547,2016-7-27
2548,2016-1-22
2549,2016-5-9
2550,2016-4-13
2551,2016-10-21
2552,2015-1-13
2553,2015-10-4
2554,2015-5-1
2555,2014-11-27
2556,2016-9-17
2557,2014-2-4
2558,2015-7-8
2559,2014-6-4
2560,2014-12-15
2561,2014-10-3
2562,2015-1-12
2563,2014-7-15
2564,2014-6-0
2565,2016-8-24
2566,2014-1-7
2567,2014-3-27
2568,2014-7-21
2569,2014-4-19
2570,2015-5-0
2571,2014-6-23
2572,2014-5-23
2573,2016-4-25
2574,2015-10-20
2575,2016-5-20
2576,2015-9-0
2577,2015-6-28
2578,2015-3-26
2579,2015-4-8
2580,2015-9-1
2581,2016-7-16
2582,2016-11-28
2583,2015-10-18
2584,2015-11-8
2585,2016-6-28
2586,2016-6-5
2587,2014-2-15
2588,2015-5-6
2589,2014-12-9
2590,2016-6-27
2591,2014-5-25
2592,2014-6-4
2593,2015-9-26
2594,2016-6-21
2595,2016-4-21
2596,2014-11-4
2597,2016-11-17
2598,2014-12-2
2599,2014-1-23
2600,2014-1-10
2601,2014-10-16
2602,2016-3-14
2603,2015-9-21
2604,2015-6-23
2605,2014-3-2
2606,2014-6-16
2607,2014-9-23
2608,2016-5-20
2609,2015-2-4
2610,2014-12-11
2611,2014-4-12
2612,2016-2-11
2613,2015-1-27
2614,2016-11-11
2615,2015-5-16
2616,2015-12-8
2617,2014-7-7
2618,2016-6-19
2619,2016-7-28
2620,2016-7-25
2621,2014-9-11
2622,2015-1-10
2623,2016-6-16
2624,2015-6-10
2625,2016-8-2
2626,2014-1-23
2627,2016-6-11
2628,2014-3-3
2629,2016-12-2
2630,2015-12-28
2631,2016-6-18
2632,2014-1-12
2633,2014-2-24
2634,2015-2-14
2635,2015-7-17
2636,2015-4-12
2637,2016-11-9
2638,2016-6-24
2639,2015-4-13
2640,2015-2-1
2641,2014-4-21
2642,2016-11-18
2643,2016-4-5
2644,2015-12-5
2645,2015-3-10
2646,2015-5-14
2647,2015-2-24
2648,2016-12-9
2649,2016-1-17
2650,2014-5-21
2651,2014-2-17
2652,2015-2-11
2653,2015-8-23
2654,2016-11-15
2655,2014-4-1
2656,2015-3-8
2657,2014-7-9
2658,2014-12-20
2659,2015-4-17
2660,2014-11-2
2661,2016-4-28
2662,2015-2-24
2663,2015-4-28
2664,2016-12-21
2665,2015-1-6
2666,2014-4-19
2667,2015-12-24
2668,2015-3-14
2669,2015-7-5
2670,2014-6-20
2671,2014-4-23
2672,2014-4-12
2673,2014-12-27
2674,2016-7-4
2675,2016-9-11
2676,2016-1-25
2677,2016-1-1
2678,2015-6-5
2679,2016-2-3
2680,2014-7-28
2681,2016-2-4
2682,2016-3-20
2683,2016-1-0
2684,2015-1-24
2685,2014-4-27
2686,2015-4-23
2687,2014-5-10
2688,2016-7-20
2689,2015-5-0
2690,2016-3-9
2691,2014-11-19
2692,2014-5-12
2693,2016-9-8
2694,2016-8-8
2695,2016-11-16
2696,2015-8-18
2697,2016-9-16
2698,2014-4-19
2699,2014-11-19
2700,2016-8-13
2701,2014-10-2
2702,2015-12-13
2703,2016-7-12
2704,2016-2-8
2705,2014-6-11
2706,2016-9-13
2707,2014-12-15
2708,2014-8-22
2709,2014-6-12
2710,2015-8-16
2711,2014-7-8
2712,2014-1-24
2713,2016-5-14
2714,2014-4-24
2715,2016-10-14
2716,2014-5-21
2717,2014-8-16
2718,2014-10-28
2719,2015-11-4
2720,2016-3-17
2721,2014-12-19
2722,2014-10-18
2723,2014-3-13
2724,2016-9-13
2725,2015-3-19
2726,2016-12-7
2727,2014-7-1
2728,2015-8-21
2729,2014-2-6
2730,2014-4-18
2731,2014-12-12
2732,2014-7-11
2733,2014-2-21
2734,2014-8-21
2735,2015-7-20
2736,2015-3-22
2737,2016-8-26
2738,2015-5-9
2739,2014-11-12
2740,2014-11-23
2741,2016-5-11
2742,2015-10-23
2743,2016-7-26
2744,2016-3-23
2745,2014-5-19
2746,2015-6-18
2747,2015-11-21
2748,2016-5-2
2749,2014-8-16
2750,2014-1-12
2751,2014-5-4
2752,2015-12-15
2753,2015-11-8
2754,2016-2-15
2755,2016-6-19
2756,2015-2-19
2757,2015-9-14
2758,2015-9-11
2759,2014-3-17
2760,2015-8-8
2761,2015-7-14
2762,2015-7-26
2763,2014-4-16
2764,2016-10-10
2765,2016-6-0
2766,2015-5-0
2767,2015-1-21
2768,2015-12-14
2769,2015-9-27
2770,2015-3-17
2771,2015-9-11
2772,2015-3-25
2773,2016-6-4
2774,2016-7-9
2775,2016-1-4
2776,2016-7-12
2777,2016-12-0
2778,2016-11-16
2779,2015-1-3
2780,2015-12-9
2781,2016-7-11
2782,2015-7-16
2783,2014-9-17
2784,2015-5-25
2785,2014-5-9
2786,2016-9-23
2787,2014-4-3
2788,2016-11-19
2789,2014-3-17
2790,2016-5-19
2791,2016-9-3
2792,2015-10-13
2793,2014-10-18
2794,2016-3-7
2795,2016-8-6
2796,2014-1-24
2797,2015-4-13
2798,2014-2-28
2799,2015-7-24
2800,2016-3-3
2801,2015-7-5
2802,2016-12-28
2803,2016-11-1
2804,2014-9-0
2805,2015-7-11
2806,2016-4-9
2807,2016-5-28
2808,2015-11-28
2809,2016-12-26
2810,2014-11-4
2811,2014-12-24
2812,2014-2-0
2813,2014-4-27
2814,2015-9-23
2815,2014-1-14
2816,2016-8-1
2817,2015-10-17
2818,2016-3-16
2819,2014-8-3
2820,2014-10-4
2821,2014-5-1
2822,2015-6-24
2823,2016-10-27
2824,2015-4-0
2825,2014-1-26
2826,2016-2-19
2827,2014-3-14
2828,2015-5-5
2829,2014-12-23
2830,2015-9-0
2831,2014-5-15
2832,2015-8-20
2833,2016-2-15
2834,2016-10-20
2835,2014-3-5
2836,2015-5-27
2837,2015-4-24
2838,2016-4-18
2839,2016-7-0
2840,2015-12-0
2841,2015-8-25
2842,2014-1-14
2843,2016-1-5
2844,2016-10-17
2845,2014-11-23
2846,2016-10-5
2847,2014-12-9
2848,2016-1-5
2849,2014-4-11
2850,2014-6-25
2851,2015-3-9
2852,2016-1-9
2853,2015-2-17
2854,2014-7-21
2855,2014-10-22
2856,2015-7-5
2857,2014-2-10
2858,2014-3-12
2859,2016-3-11
2860,2016-5-8
2861,2014-5-12
2862,2016-9-1
2863,2014-12-7
2864,2016-2-11
2865,2015-4-9
2866,2014-10-17
2867,2015-12-4
2868,2014-10-24
2869,2016-2-17
2870,2016-8-17
2871,2014-11-24
2872,2014-7-4
2873,2016-4-24
2874,2014-9-23
2875,2014-1-6
2876,2016-5-7
2877,2015-11-12
2878,2016-7-11
2879,2016-4-20
2880,2014-9-14
2881,2016-4-19
2882,2015-3-8
2883,2014-12-18
2884,2015-9-5
2885,2016-1-4
2886,2016-8-6
2887,2014-9-0
2888,2014-6-0
2889,2016-3-26
2890,2015-4-20
2891,2015-1-25
2892,2015-1-13
2893,2014-11-23
2894,2015-8-9
2895,2014-9-14
2896,2014-7-14
2897,2014-8-15
2898,2016-1-23
2899,2015-4-18
2900,2015-11-22
2901,2015-4-15
2902,2016-11-15
2903,2015-4-8
2904,2015-2-13
2905,2015-9-2
2906,2015-2-22
2907,2016-1-26
2908,2015-9-3
2909,2015-6-5
2910,2014-7-22
2911,2016-8-17
2912,2016-5-20
2913,2016-1-6
2914,2014-11-3
2915,2015-12-23
2916,2014-1-4
2917,2015-7-24
2918,2015-10-4
2919,2014-2-8
2920,2014-10-9
2921,2014-7-20
2922,2015-2-6
2923,2015-7-27
2924,2015-7-1
2925,2015-6-25
2926,2015-5-3
2927,2014-12-0
2928,2015-1-10
2929,2015-12-7
2930,2016-9-7
2931,2016-12-14
2932,2015-4-2
2933,2015-1-0
2934,2016-10-24
2935,2014-1-5
2936,2015-11-10
2937,2014-1-8
2938,2016-7-6
2939,2016-3-14
2940,2016-12-4
2941,2015-1-7
2942,2015-12-26
2943,2015-9-13
2944,2014-12-0
2945,2015-4-17
2946,2015-4-13
2947,2015-10-19
2948,2015-4-28
2949,2015-12-24
2950,2016-8-25
2951,2016-11-28
2952,2016-9-15
2953,2014-12-23
2954,2015-12-1
2955,2015-11-27
2956,2016-4-28
2957,2015-4-6
2958,2014-8-28
2959,2014-1-15
2960,2015-10-19
2961,2016-2-23
2962,2016-10-20
2963,2016-6-8
2964,2014-8-26
2965,2016-11-12
2966,2014-5-7
2967,2016-7-19
2968,2014-9-4
2969,2014-2-1
2970,2016-6-5
2971,2014-11-11
2972,2014-4-17
2973,2016-1-4
2974,2016-6-21
2975,2015-11-21
2976,2015-11-5
2977,2014-2-24
2978,2014-2-25
2979,2016-2-2
2980,2014-7-19
2981,2015-6-17
2982,2016-7-23
2983,2014-4-3
2984,2015-3-25
2985,2015-2-26
2986,2016-2-18
2987,2014-7-9
2988,2016-10-0
2989,2015-5-19
2990,2014-12-9
2991,2016-9-4
2992,2014-6-6
2993,2014-8-27
2994,2014-3-28
2995,2015-11-10
2996,2014-12-22
2997,2016-2-12
2998,2014-9-10
2999,2015-12-27
3000,2014-2-23
3001,2016-10-7
3002,2016-3-23
3003,2015-3-18
3004,2015-8-13
3005,2016-11-5
3006,2014-8-28
3007,2014-9-10
3008,2015-1-24
3009,2016-8-28
3010,2014-6-12
3011,2015-2-25
3012,2016-12-3
3013,2016-2-3
3014,2015-3-15
3015,2015-4-17
3016,2016-3-12
3017,2015-6-5
3018,2014-7-19
3019,2014-9-25
3020,2016-4-4
3021,2016-2-1
3022,2014-11-23
3023,2014-7-14
3024,2016-9-1
3025,2016-2-24
3026,2015-4-4
3027,2016-8-25
3028,2016-5-28
3029,2016-1-13
3030,2016-9-12
3031,2014-5-17
3032,2016-7-28
3033,2016-9-2
3034,2014-2-24
3035,2014-4-24
3036,2015-10-3
3037,2016-11-22
3038,2014-11-22
3039,2015-1-22
3040,2015-1-22
3041,2014-7-16
3042,2016-4-1
3043,2014-10-9
3044,2015-11-23
3045,2015-5-13
3046,2014-6-12
3047,2015-3-6
3048,2015-12-16
3049,2015-4-19
3050,2016-9-24
3051,2014-1-1
3052,2015-7-25
3053,2015-9-19
3054,2015-1-14
3055,2014-9-7
3056,2014-7-18
3057,2014-1-3
3058,2015-11-6
3059,2014-4-25
3060,2016-1-26
3061,2014-1-1
3062,2014-1-25
3063,2016-12-23
3064,2016-6-13
3065,2015-10-24
3066,2014-1-21
3067,2016-5-0
3068,2015-1-17
3069,2016-8-0
3070,2014-9-24
3071,2016-10-2
3072,2014-2-19
3073,2016-6-1
3074,2015-7-15
3075,2014-9-28
3076,2015-1-20
3077,2014-6-2
3078,2015-4-19
3079,2016-12-26
3080,2015-7-6
3081,2015-5-7
3082,2014-4-23
3083,2016-6-14
3084,2016-6-16
3085,2014-10-10
3086,2014-7-6
3087,2016-3-8
3088,2015-11-1
3089,2016-7-6
3090,2016-4-0
3091,2014-7-14
3092,2014-1-5
3093,2014-2-11
3094,2014-8-19
3095,2014-11-17
3096,2015-2-22
3097,2014-4-16
3098,2015-4-4
3099,2015-2-16
3100,2016-9-23
3101,2016-5-22
3102,2014-8-17
3103,2016-5-9
3104,2014-3-28
3105,2016-8-7
3106,2014-7-22
3107,2016-6-21
3108,2016-7-22
3109,2014-10-24
3110,2015-11-15
3111,2016-11-22
3112,2016-2-1
3113,2015-4-20
3114,2014-9-21
3115,2016-11-3
3116,2015-5-5
3117,2016-11-1
3118,2016-9-0
3119,2015-4-22
3120,2016-12-14
3121,2015-10-18
3122,2014-9-7
3123,2014-12-1
3124,2016-12-4
3125,2014-11-10
3126,2015-3-3
3127,2015-4-0
3128,2016-10-27
3129,2015-5-7
3130,2015-10-18
3131,2016-10-23
3132,2015-12-5
3133,2014-7-19
3134,2014-8-0
3135,2015-2-2
3136,2016-2-22
3137,2016-3-13
3138,2016-1-21
3139,2014-3-10
3140,2016-8-0
3141,2016-8-24
3142,2014-12-17
3143,2015-12-19
3144,2016-1-20
3145,2014-3-9
3146,2014-6-23
3147,2014-3-0
3148,2016-11-3
3149,2016-11-15
3150,2016-11-22
3151,2015-11-18
3152,2015-1-20
3153,2014-12-0
3154,2015-4-5
3155,2016-5-8
3156,2015-2-19
3157,2015-4-1
3158,2015-1-15
3159,2015-10-16
3160,2014-3-22
3161,2014-3-0
3162,2015-3-5
3163,2015-2-11
3164,2016-6-11
3165,2015-2-13
3166,2015-3-3
3167,2014-3-11
3168,2016-10-6
3169,2014-7-22
3170,2016-2-0
3171,2015-4-14
3172,2014-4-8
3173,2016-4-13
3174,2016-11-9
3175,2015-11-10
3176,2015-8-7
3177,2015-10-24
3178,2014-11-8
3179,2014-8-6
3180,2016-6-2
3181,2015-6-27
3182,2016-8-21
3183,2015-12-12
3184,2014-6-14
3185,2016-12-0
3186,2016-8-18
3187,2014-9-20
3188,2015-1-21
3189,2015-1-13
3190,2014-7-12
3191,2014-9-24
3192,2016-1-10
3193,2014-1-28
3194,2014-7-24
3195,2014-5-11
3196,2016-2-1
3197,2014-9-4
3198,2015-11-19
3199,2015-1-14
3200,2015-8-28
3201,2016-12-0
3202,2016-4-13
3203,2016-9-2
3204,2015-5-20
3205,2016-9-23
3206,2016-4-6
3207,2016-12-14
3208,2015-8-12
3209,2015-11-11
3210,2014-6-13
3211,2016-4-20
3212,2016-5-5
3213,2014-7-27
3214,2015-12-9
3215,2016-3-4
3216,2015-12-14
3217,2014-6-14
3218,2014-4-14
3219,2014-2-25
3220,2016-7-10
3221,2014-5-22
3222,2015-10-24
3223,2015-7-6
3224,2014-3-10
3225,2014-7-23
3226,2016-1-22
3227,2016-3-11
3228,2015-8-25
3229,2016-3-0
3230,2015-6-2
3231,2015-2-12
3232,2016-6-15
3233,2015-10-11
3234,2015-4-9
3235,2016-4-2
3236,2015-7-28
3237,2016-5-25
3238,2015-7-17
3239,2014-1-1
3240,2014-10-7
3241,2016-11-22
3242,2015-6-18
3243,2014-6-4
3244,2014-3-25
3245,2015-7-12
3246,2014-3-6
3247,2015-4-20
3248,2016-3-6
3249,2014-11-27
3250,2016-10-11
3251,2016-12-9
3252,2014-5-6
3253,2015-11-6
3254,2015-3-26
3255,2015-10-14
3256,2016-5-0
3257,2015-2-25
3258,2016-1-7
3259,2015-1-0
3260,2014-1-20
3261,2014-8-12
3262,2014-9-16
3263,2014-2-6
3264,2014-10-14
3265,2014-4-26
3266,2014-5-26
3267,2015-12-17
3268,2014-10-16
3269,2016-12-2
3270,2016-11-22
3271,2014-9-27
3272,2014-7-14
3273,2014-7-9
3274,2015-12-7
3275,2015-8-24
3276,2015-4-21
3277,2014-2-10
3278,2016-8-6
3279,2016-9-22
3280,2015-12-14
3281,2014-10-0
3282,2015-7-18
3283,2015-5-1
3284,2015-8-23
3285,2015-12-20
3286,2014-12-9
3287,2016-4-27
3288,2014-4-5
3289,2016-4-20
3290,2016-1-17
3291,2015-1-9
3292,2015-9-9
3293,2016-5-17
3294,2014-11-4
3295,2015-8-10
3296,2014-6-16
3297,2014-8-26
3298,2016-9-5
3299,2016-7-4
3300,2014-7-10
3301,2014-11-22
3302,2014-6-3
3303,2014-2-20
3304,2016-11-22
3305,2016-9-21
3306,2016-3-2
3307,2016-5-7
3308,2014-12-1
3309,2016-10-9
3310,2014-11-10
3311,2015-8-28
3312,2014-12-16
3313,2014-5-15
3314,2016-4-3
3315,2014-12-3
3316,2016-12-28
3317,2014-11-18
3318,2016-3-8
3319,2015-1-9
3320,2014-8-4
3321,2014-2-0
3322,2016-12-21
3323,2014-2-15
3324,2015-1-17
3325,2014-12-5
3326,2015-7-16
3327,2015-12-28
3328,2015-12-16
3329,2014-11-5
3330,2015-7-17
3331,2014-3-23
3332,2015-9-8
3333,2015-6-24
3334,2015-3-12
3335,2016-6-22
3336,2015-6-18
3337,2015-5-3
3338,2014-3-13
3339,2015-5-3
3340,2015-2-18
3341,2016-9-12
3342,2014-7-7
3343,2014-11-24
3344,2016-2-23
3345,2015-5-14
3346,2016-1-1
3347,2016-10-13
3348,2015-9-23
3349,2014-10-4
3350,2015-3-18
3351,2014-6-1
3352,2016-11-24
3353,2014-9-8
3354,2016-8-5
3355,2014-4-3
3356,2014-10-24
3357,2016-11-1
3358,2016-4-28
3359,2014-10-3
3360,2014-9-24
3361,2015-6-0
3362,2015-11-22
3363,2014-11-17
3364,2015-6-16
3365,2016-6-24
3366,2016-6-2
3367,2014-10-19
3368,2014-2-27
3369,2015-2-11
3370,2016-2-11
3371,2015-6-5
3372,2014-3-22
3373,2016-6-21
3374,2015-2-0
3375,2014-9-11
3376,2016-2-13
3377,2014-6-13
3378,2015-4-7
3379,2014-5-6
3380,2014-12-25
3381,2014-10-6
3382,2016-8-13
3383,2015-1-24
3384,2015-1-3
3385,2015-9-20
3386,2014-3-20
3387,2015-10-4
3388,2015-6-18
3389,2015-4-20
3390,2014-6-27
3391,2014-1-13
3392,2014-7-11
3393,2014-7-1
3394,2014-11-8
3395,2015-3-2
3396,2015-1-16
3397,2016-5-13
3398,2016-6-13
3399,2016-5-24
3400,2016-10-9
3401,2015-6-11
3402,2014-4-11
3403,2016-11-1
3404,2016-5-20
3405,2014-6-19
3406,2015-10-0
3407,2016-5-16
3408,2015-1-3
3409,2015-6-15
3410,2014-12-22
3411,2016-11-5
3412,2016-7-27
3413,2016-6-20
3414,2015-8-8
3415,2014-11-23
3416,2015-12-10
3417,2016-10-22
3418,2015-3-23
3419,2015-4-26
3420,2014-11-6
3421,2014-8-2
3422,2014-9-8
3423,2016-6-4
3424,2016-6-0
3425,2014-11-9
3426,2014-12-17
3427,2015-4-20
3428,2015-5-7
3429,2016-12-2
3430,2015-5-19
3431,2016-5-4
3432,2016-3-24
3433,2015-4-13
3434,2014-10-0
3435,2015-1-13
3436,2014-7-23
3437,2016-2-8
3438,2014-6-18
3439,2016-12-11
3440,2014-6-22
3441,2014-3-5
3442,2014-6-6
3443,2014-8-5
3444,2014-11-6
3445,2015-6-2
3446,2016-9-13
3447,2016-9-5
3448,2015-4-19
3449,2014-7-0
3450,2015-8-14
3451,2015-7-8
3452,2016-6-3
3453,2015-6-10
3454,2016-11-0
3455,2016-1-10
3456,2015-4-7
3457,2016-12-10
3458,2016-6-19
3459,2015-3-22
3460,2015-2-6
3461,2014-12-19
3462,2016-6-11
3463,2015-9-4
3464,2014-4-9
3465,2014-7-14
3466,2016-11-14
3467,2015-12-28
3468,2016-6-11
3469,2014-2-24
3470,2016-9-0
3471,2014-8-3
3472,2015-12-27
3473,2015-9-10
3474,2016-6-15
3475,2014-7-3
3476,2016-2-25
3477,2016-1-20
3478,2015-7-25
3479,2016-4-18
3480,2014-11-4
3481,2014-7-0
3482,2014-3-5
3483,2014-6-20
3484,2015-11-13
3485,2014-3-20
3486,2015-10-24
3487,2014-6-1
3488,2015-9-13
3489,2014-8-8
3490,2016-12-9
3491,2015-10-10
3492,2015-9-10
3493,2015-11-16
3494,2016-9-11
3495,2015-3-12
3496,2015-6-16
3497,2016-10-8
3498,2016-2-17
3499,2015-12-5
3500,2014-1-25
3501,2014-6-8
3502,2014-8-14
3503,2016-11-19
3504,2016-6-8
3505,2014-7-11
3506,2014-5-20
3507,2016-6-23
3508,2016-11-16
3509,2016-4-28
3510,2015-7-21
3511,2015-10-8
3512,2015-8-14
3513,2015-4-14
3514,2015-10-5
3515,2014-12-16
3516,2015-12-26
3517,2016-4-7
3518,2016-12-13
3519,2016-11-1
3520,2015-3-24
3521,2016-12-14
3522,2016-10-5
3523,2015-11-24
3524,2015-2-17
3525,2014-8-15
3526,2016-3-11
3527,2015-2-6
3528,2015-1-11
3529,2016-11-24
3530,2015-8-5
3531,2014-12-26
3532,2016-6-24
3533,2014-4-27
3534,2016-10-5
3535,2015-2-18
3536,2014-2-9
3537,2014-11-14
3538,2015-9-8
3539,2016-5-4
3540,2015-12-28
3541,2016-1-25
3542,2014-3-25
3543,2015-2-24
3544,2016-9-12
3545,2015-4-7
3546,2014-6-22
3547,2015-5-10
3548,2016-9-6
3549,2015-9-9
3550,2016-2-24
3551,2014-9-28
3552,2014-4-4
3553,2016-5-15
3554,2014-1-8
3555,2015-9-20
3556,2014-4-16
3557,2015-9-8
3558,2014-9-8
3559,2014-4-6
3560,2014-11-19
3561,2015-10-3
3562,2015-7-9
3563,2015-7-8
3564,2016-12-3
3565,2014-1-18
3566,2016-6-11
3567,2016-8-15
3568,2015-12-12
3569,2015-9-26
3570,2015-5-22
3571,2015-6-10
3572,2014-7-19
3573,2014-11-23
3574,2015-7-25
3575,2014-10-25
3576,2016-1-7
3577,2016-2-1
3578,2015-6-8
3579,2016-9-17
3580,2015-6-25
3581,2016-10-23
3582,2014-1-16
3583,2014-4-13
3584,2015-7-6
3585,2014-5-28
3586,2015-12-7
3587,2015-11-15
3588,2015-8-11
3589,2014-6-6
3590,2016-4-1
3591,2015-4-26
3592,2016-5-23
3593,2014-4-4
3594,2014-6-16
3595,2015-5-20
3596,2014-12-22
3597,2014-10-11
3598,2014-11-8
3599,2016-8-0
3600,2015-6-8
3601,2015-5-16
3602,2014-8-17
3603,2016-6-25
3604,2015-10-1
3605,2016-9-14
3606,2016-9-25
3607,2014-12-25
3608,2016-7-14
3609,2015-1-8
3610,2016-3-21
3611,2014-10-13
3612,2016-3-4
3613,2015-6-27
3614,2014-8-0
3615,2015-8-17
3616,2016-12-4
3617,2014-3-28
3618,2014-4-27
3619,2016-4-3
3620,2015-10-24
3621,2016-6-17
3622,2016-5-12
3623,2016-5-22
3624,2014-5-23
3625,2016-8-0
3626,2014-6-11
3627,2015-10-20
3628,2015-6-26
3629,2016-4-11
3630,2015-5-24
3631,2014-8-18
3632,2015-2-22
3633,2015-5-28
3634,2014-2-19
3635,2016-7-10
3636,2016-3-18
3637,2015-1-8
3638,2016-6-14
3639,2016-6-3
3640,2016-3-11
3641,2015-7-14
3642,2015-2-4
3643,2014-2-3
3644,2014-10-14
3645,2016-8-2
3646,2016-8-24
3647,2015-8-20
3648,2015-2-26
3649,2015-11-5
3650,2015-12-8
3651,2014-3-0
3652,2016-2-1
3653,2016-5-2
3654,2016-9-4
3655,2015-6-18
3656,2015-10-2
3657,2015-12-26
3658,2014-1-28
3659,2016-3-18
3660,2015-10-22
3661,2016-2-4
3662,2016-7-13
3663,2015-7-15
3664,2014-4-19
3665,2015-10-25
3666,2014-8-3
3667,2015-2-27
3668,2014-8-20
3669,2015-8-20
3670,2015-3-20
3671,2016-8-22
3672,2015-3-23
3673,2015-9-2
3674,2016-5-21
3675,2014-4-15
3676,2014-10-27
3677,2015-2-14
3678,2016-10-13
3679,2015-6-23
3680,2014-4-15
3681,2015-4-11
3682,2016-11-24
3683,2014-9-14
3684,2014-4-17
3685,2015-3-18
3686,2015-6-2
3687,2015-10-26
3688,2016-4-26
3689,2014-8-20
3690,2016-8-26