id,minutesPerGame,pointsPerGame,reboundsPerGame,assistsPerGame,blocksPerGame,stealsPerGame,turnoverPerGame,foulsPerGame,fieldGoalsPercentage,threePointsPercentage,freeThrowsPercentage,efficiencyRating,winShares,defensiveWinShares,usageRate,part of
1,32.5869583,15.64768543,1.125614357,1.425066263,4.506879464,0.87785138,3.655699745,3.904788259,0.815482653,0.588799559,0.829726481,10,57,75,40,1
2,28.95414913,32.74715582,5.137887733,4.951789034,3.048078971,2.234358841,1.598460955,2.297250116,0.959898583,0.455493647,0.862332656,38,100,39,38,2
3,42.5013967,37.52565503,8.024094256,4.092871618,0.70027706,3.508124141,4.045377846,2.957854812,0.947971565,0.557420797,0.905014603,28,89,20,26,3
4,5.281922099,25.27316582,7.423407298,8.243949551,1.958235924,3.386429407,0.603481709,1.795572322,0.662881559,0.568805449,0.909091584,20,64,37,94,4
5,22.83237566,21.97787665,2.787400386,9.711178056,1.760814353,0.248526749,1.045954271,3.207948113,0.929730189,0.57173649,0.815313833,24,75,67,91,5
6,27.18540192,28.02407556,0.133430611,6.370220186,1.599758643,2.795450565,0.567663672,4.308663672,0.845039841,0.363627765,0.730481157,40,90,89,33,6
7,27.87319855,24.01893839,6.290743068,1.949661504,4.673846659,1.372672865,2.632961465,0.484598985,0.813812507,0.463324955,0.734091593,8,9,12,60,7
8,15.39997384,30.62981812,0.972142662,6.502584087,2.835285583,3.653950152,0.185882025,1.503673206,0.537534167,0.341383795,0.896180602,2,7,82,18,8
9,31.83604813,24.65512785,1.831692829,6.09809309,1.771863667,1.200670136,3.290218655,0.463588942,0.627297579,0.459634104,0.739500018,25,40,41,79,9
10,44.25686066,1.559867468,8.563415022,0.151106535,3.678382294,3.007508562,4.112830529,4.153535327,0.525788253,0.396012968,0.769551989,0,27,34,56,10
11,25.14510677,22.51223776,1.341507665,3.746520234,1.208683567,3.317359745,3.37524515,0.908740318,0.927286304,0.510989085,0.878954359,18,63,8,25,11
12,26.67649671,6.501100806,5.320211566,6.095580733,2.582249963,2.180085405,2.817395523,0.811727446,0.646865566,0.329431319,0.901124354,34,11,77,47,12
13,31.63163933,31.26285492,7.458513979,8.597996739,3.931387406,3.149438617,4.777808652,0.02968412,0.926733703,0.54744668,0.892809693,35,34,40,63,13
14,6.643441124,5.342709671,9.908607333,8.704610468,4.469970515,1.557384126,4.962850794,1.178265097,0.766482451,0.316293953,0.771059379,25,70,86,12,14
15,44.14353018,5.557080711,2.184882215,8.481654206,2.871833641,1.151595953,0.611275291,2.966905656,0.418155115,0.3563324,0.996215807,38,70,75,76,15
16,16.10011243,16.63943331,6.344357883,9.628728683,3.19437759,1.196038641,2.993052572,4.030915738,0.917265575,0.536027422,0.85107602,8,39,30,29,16
17,39.66415794,24.64414004,2.037694247,9.604518851,4.595219067,1.65782978,0.649952846,3.227012017,0.861447963,0.496007849,0.772513646,19,2,74,17,17
18,32.72285817,5.057548183,1.054102293,6.721008341,1.894060542,4.980680918,2.550488827,3.378762942,0.421292333,0.376055406,0.742781896,9,20,92,40,18
19,8.151207454,13.3396211,1.567355434,5.508293235,2.82067717,3.860655547,3.019971615,3.163500243,0.561904221,0.318720101,0.729502259,3,67,66,58,19
20,21.71949669,25.76289212,5.35876182,0.075451048,0.442364156,4.38222548,0.563806959,1.292758557,0.683010634,0.349843807,0.800139281,28,89,65,74,20
21,30.99157288,37.93069054,5.347705573,7.112991191,4.657526233,4.657367992,1.865670499,4.458361322,0.570775908,0.417910575,0.753459874,14,23,60,65,21
22,2.051183175,17.98171667,2.391986102,4.620415764,1.247309861,4.477836084,3.223704389,2.605232696,0.515028892,0.334599202,0.84378063,15,81,84,32,22
23,11.8972191,38.3303142,7.100527899,8.949852797,0.633646992,0.22981876,4.751137811,3.202012199,0.425057652,0.511371057,0.964664432,37,65,12,96,23
24,27.34092441,4.760578872,6.011527629,7.117043825,3.027916972,3.407451491,1.437765373,4.686387205,0.437720672,0.597521246,0.762880805,26,28,6,40,24
25,7.201979678,10.76098859,0.727513416,9.857018299,3.603375782,2.195354024,1.242906047,2.605840628,0.893216038,0.424437687,0.773313484,10,57,25,82,25
26,26.64248291,10.7940845,4.355528739,5.351363205,2.936419329,0.970974055,1.205148064,0.304315294,0.755727694,0.395022909,0.892801501,22,34,1,5,26
27,30.44221873,11.07335508,3.971601304,3.347884408,0.843064649,1.8882267,1.654057677,2.925625505,0.540579679,0.503491002,0.930762492,6,18,77,73,27
28,15.539715,33.91487604,8.227211665,6.936095787,0.208185151,1.581928632,2.830631762,3.45431481,0.688095348,0.493609648,0.925078555,34,44,11,46,28
29,2.025821233,38.94764779,2.416640166,5.038641911,1.419660513,4.70564916,4.826276542,2.981244154,0.874434476,0.414316215,0.707241358,10,60,71,44,29
30,47.50937948,8.895984109,1.367300838,0.051848407,2.075727171,2.777027094,1.96750005,3.029486691,0.490530328,0.484423307,0.845440565,29,57,0,13,30
31,31.43393463,36.9292083,0.959275276,1.831247343,3.605451791,3.719878114,3.28267156,3.843740573,0.611118519,0.349893882,0.727568429,15,62,43,25,31
32,26.17262886,30.27918031,9.057350032,1.475068728,4.466176385,0.41660363,0.322830359,1.391442965,0.908065747,0.305460845,0.894720319,27,72,56,47,32
33,18.39605245,16.42134796,6.52525245,2.008438732,0.262666796,1.719160625,3.973837318,1.49281085,0.689021389,0.569446586,0.814311285,3,18,66,55,33
34,43.21371017,33.71996092,4.196034256,4.727279865,2.353710287,2.438708863,0.699795885,3.456530814,0.958906867,0.349827756,0.848963554,38,90,87,22,34
35,42.73236199,5.446488668,9.735421897,4.492106615,2.420375181,0.704533521,4.23965231,0.680456285,0.764177052,0.468493208,0.920366432,31,39,60,58,35
36,16.30052667,29.36677622,7.058057649,8.431509481,4.612295886,4.473589708,4.918341683,0.733681099,0.509157181,0.411767271,0.843220838,16,56,2,24,36
37,22.64682657,1.625802221,9.676002798,3.519198564,3.608113153,2.764104049,3.072940905,1.19196604,0.682267934,0.3346724,0.920994848,6,18,94,95,37
38,1.307336857,6.962034114,6.181416295,0.270459839,0.0048597,0.202801787,4.692613981,4.018404203,0.426779397,0.340496253,0.939633319,0,79,90,33,38
39,36.34816941,31.33975437,9.200542431,6.261286521,4.128648785,0.388289317,2.876280966,0.241781244,0.565539514,0.559264598,0.791349391,3,68,22,79,39
40,10.8523195,39.21158241,8.45118888,3.255569615,2.457150843,0.842000786,3.007260091,4.302760119,0.444757704,0.326059384,0.708052881,10,72,49,100,40
41,45.94191054,36.15427301,3.239367395,2.024617689,1.735229735,0.256515836,1.958670013,0.492834622,0.622914061,0.341661568,0.859226512,13,36,25,20,41
42,20.91109494,3.0817895,9.134797649,3.248301639,2.778670971,4.779323208,3.49653677,4.906883874,0.987065815,0.558876355,0.851128611,40,39,93,54,42
43,24.84894587,10.82672197,3.275799031,1.77491332,4.098533741,3.849877302,3.866635156,4.256062043,0.989992838,0.339851396,0.719678472,4,61,63,96,43
44,34.52213349,20.78087844,4.138893958,1.625398895,4.702976594,4.531133003,2.404650497,4.751749676,0.595216935,0.393518512,0.963433793,29,95,18,82,44
45,36.97709667,25.74797955,4.199232603,8.041704057,3.872210736,2.41067868,0.652522326,2.969348714,0.65681796,0.424091878,0.947420319,38,90,94,78,45
46,26.14622141,31.72722417,6.03521688,6.447192642,0.985587808,1.442885129,3.991264789,0.422935864,0.471391048,0.504729105,0.759600798,5,3,23,50,46
47,4.609535747,9.197655216,0.005793606,4.368437162,2.335198021,4.040213083,4.485412276,1.455259484,0.998913367,0.409618886,0.916125402,39,99,66,97,47
48,36.29706484,9.79274319,1.891516689,4.451371189,0.668950595,4.859309465,2.578495252,3.212887346,0.828953068,0.451036735,0.931417715,20,43,70,31,48
49,42.2804153,25.84357247,4.660893878,0.080552139,4.813992586,3.843220033,4.418292932,1.996608007,0.43994807,0.544424069,0.743585631,7,16,18,5,49
50,34.25188992,27.48904835,4.218268713,7.447340304,4.57430578,0.704292284,4.928664833,4.291173393,0.440868827,0.395018766,0.729841309,9,32,23,52,50
51,41.93280189,32.28646413,4.66535745,0.005867556,2.349267848,4.892024102,4.713256671,2.474498256,0.569003349,0.355857136,0.930920728,13,11,74,70,51
52,0.142385703,21.25648061,3.186685098,6.451512835,4.715162236,4.566299988,4.306594807,4.307539352,0.756245531,0.510974237,0.884092162,26,12,40,82,52
53,20.38090825,36.65402382,4.008946022,6.686874372,0.389922347,3.147334581,3.82887199,4.540471207,0.597895421,0.476424361,0.891505067,37,63,82,37,53
54,47.35535513,26.7200804,5.463212412,7.67269254,3.783841038,0.074860705,4.469246378,4.458296261,0.788492117,0.328665812,0.742823677,6,60,37,43,54
55,29.36494372,12.14062935,3.985057556,4.304661969,1.153176981,4.677724198,0.941431455,3.43463482,0.442622853,0.363312217,0.846556636,7,75,76,73,55
56,27.80634929,8.476592253,2.993438824,6.705686931,3.486579469,2.262717812,3.126726504,0.053027298,0.411691604,0.577303816,0.836186348,40,46,59,20,56
57,29.25650047,23.4398259,4.259951117,5.185341026,2.267334364,2.229849981,2.731695251,2.263488961,0.956335082,0.359865829,0.731061509,25,84,15,79,57
58,19.59983015,12.53433169,7.324496626,9.328068374,0.669969283,0.363709263,0.949919536,0.476620544,0.978254565,0.373672413,0.944640563,12,46,4,21,58
59,13.968959,4.599094146,9.171586023,3.334417569,1.835739738,3.73936359,1.263462723,3.179535739,0.582575707,0.36058946,0.979977736,28,96,62,96,59
60,11.44351634,1.786807057,9.241792988,9.910851497,0.465110462,4.432275741,2.092507871,1.404776092,0.822337938,0.550070479,0.915325075,36,84,51,87,60
61,16.70338203,16.44529432,3.915994893,7.538413816,0.053146863,3.111750792,4.559856152,0.514578003,0.646690929,0.45603662,0.973811075,4,14,52,91,61
62,41.06578704,24.84466387,7.719302649,1.057816118,0.234899543,3.875544644,0.342275584,1.400896304,0.488573603,0.428750093,0.920894802,36,9,29,38,62
63,44.61373061,21.28580205,5.414137576,1.658545139,3.527474982,2.993680463,3.094775356,1.577625661,0.772945305,0.509273794,0.952550067,31,17,63,75,63
64,42.50795133,27.05200514,2.170026882,9.020217325,4.006777717,4.671140194,1.389901148,0.904124088,0.589614984,0.319323064,0.789502884,13,16,80,86,64
65,33.22907758,3.310087996,8.435143266,1.952520923,1.628990715,4.07946277,4.549204904,0.386992309,0.602040943,0.467197704,0.922168284,6,55,90,63,65
66,42.90644715,0.849226063,4.850223328,3.039742189,3.004563109,3.352500339,0.987987965,0.820444575,0.839431958,0.435087443,0.8269639,5,78,46,4,66
67,34.20826495,34.90884854,9.442405852,4.277045652,1.842448373,3.648958783,1.184611731,1.594470447,0.543284592,0.418337289,0.772901735,35,54,57,61,67
68,30.99861015,29.13128968,4.87959269,8.359490651,0.06345004,2.369760917,3.832000221,1.036995077,0.414535273,0.427035101,0.756530315,22,70,30,98,68
69,13.29714839,2.514985258,5.510559253,7.754070609,3.972021798,0.156265665,3.601874547,3.285325583,0.595354487,0.419839514,0.788533938,3,49,46,93,69
70,47.38836755,12.00758515,3.557551371,1.221060108,2.724556196,4.592927817,1.234705094,3.636428013,0.55550854,0.459413427,0.9915244,31,26,24,20,70
71,42.76718185,12.28420283,0.851044841,6.474280864,1.039848768,0.149196442,2.999316247,0.946698699,0.746268061,0.491982829,0.898750551,28,89,16,76,71
72,39.77009658,19.79261867,9.334485679,2.752397981,3.463393063,2.017254388,1.693326582,0.15859335,0.650131204,0.466534026,0.713409597,7,94,75,64,72
73,4.662542172,37.4700262,5.37619073,5.886894634,4.309902778,1.938126036,0.364462755,0.822191977,0.664307735,0.386610733,0.796234825,26,30,69,8,73
74,25.63207272,0.48964463,6.279367725,8.244180878,2.400909754,2.205617023,3.166569911,2.637082518,0.8086439,0.530107294,0.788476571,39,29,76,39,74
75,29.4616542,29.96120754,6.95435491,6.669404416,4.485793496,1.390605278,0.814058578,4.733406227,0.594152896,0.424600658,0.836925132,22,27,48,6,75
76,32.36858029,10.29187216,1.877437469,7.032309951,3.960481833,3.779687548,0.478037134,2.949543053,0.931968382,0.425795665,0.836702015,35,45,61,85,76
77,8.316310798,26.17588924,3.438438681,6.980632433,3.62420739,2.216535941,1.934190984,0.130047015,0.810914287,0.303079742,0.823986284,0,83,26,76,77
78,4.744584858,2.352354864,2.57570483,1.580785065,3.178385933,0.360800878,4.788131341,2.972113697,0.627852244,0.402087456,0.893255113,40,33,73,0,78
79,6.146924473,11.64015511,8.500783756,8.149754593,3.444433043,0.007595645,4.218514651,4.314282774,0.950881593,0.407648879,0.779750189,9,40,99,83,79
80,40.76070881,20.06283256,7.408395076,6.002763756,3.909172251,0.050879024,3.822594253,1.09032184,0.866801246,0.406333103,0.712644394,2,75,30,91,80
81,13.28223757,30.62332054,3.501942873,6.664565203,1.736450875,4.245584601,4.757767456,3.066209534,0.99822322,0.580782853,0.745013414,12,95,86,14,81
82,39.39197741,24.46887559,7.929598327,4.003068506,3.392298354,2.48561061,4.875638601,0.01252357,0.788645967,0.400420101,0.849752173,2,27,95,32,82
83,3.242787479,11.17030481,3.276562754,1.2951212,4.818565472,1.339048821,1.692877466,1.78705211,0.736788051,0.372255325,0.968140212,35,42,11,100,83
84,41.13049687,13.57064735,3.535668825,5.700543316,3.474477901,1.210611473,2.218464934,4.917299033,0.438506345,0.353198329,0.837457506,40,8,72,0,84
85,23.48825004,17.07954688,2.625331278,7.263400586,1.899122466,0.980646846,1.73853564,0.420487975,0.433702965,0.392994426,0.976607973,27,5,99,42,85
86,34.64630929,30.44769273,6.871439179,4.76075852,1.689653863,0.653904491,1.452178469,2.086537242,0.515482092,0.330322164,0.719086149,2,80,9,95,86
87,5.516649857,23.94676241,4.363045759,0.478269276,1.402229016,3.225735337,3.643419623,1.895167606,0.71752409,0.515744058,0.800714541,4,46,44,85,87
88,16.59012347,17.7126622,9.499219322,5.78425299,1.439205557,4.721380617,3.940044172,1.593014524,0.708838654,0.429968768,0.982955853,15,86,18,45,88
89,7.690974033,37.66635667,5.057350764,8.282941928,1.377862995,3.428489227,1.689155459,3.455663627,0.737376922,0.517207516,0.812747711,38,50,44,9,89
90,30.1965216,23.39737866,0.678353404,4.522588773,4.373198279,4.484836621,1.292324429,0.823349723,0.449631991,0.408287649,0.868182671,33,81,42,48,90
91,37.17982753,1.773722768,0.978816723,3.451028492,2.388162458,3.587493091,4.706530321,3.563379879,0.951458689,0.44382673,0.848019832,17,30,55,79,91
92,14.32211192,15.52324522,1.380911917,4.078804449,0.07716277,3.62517535,0.067774603,2.655891459,0.569164404,0.511653951,0.894486784,32,99,3,24,92
93,39.93700733,27.32959041,4.941516797,6.263918154,1.955618403,0.226935792,0.317861634,3.960883632,0.641945735,0.531404157,0.732157362,6,77,68,5,93
94,38.7481533,34.28777633,6.999140094,2.653973116,0.032438839,1.364277685,1.313663546,1.850032732,0.473311688,0.398705238,0.852664382,34,33,41,93,94
95,5.540414637,24.26637474,9.725769756,2.653254392,4.219203184,0.528410407,1.8474279,2.929362322,0.663646304,0.346350559,0.859340754,20,11,22,10,95
96,41.37192293,27.75739843,7.120435839,0.236554628,3.820341632,1.048172831,3.419370038,3.521764774,0.665026271,0.314110296,0.849802547,23,90,70,6,96
97,39.46390976,8.879281281,5.658672531,1.572101989,4.9155054,0.893428008,3.55191478,0.832218022,0.94622045,0.337092464,0.825407036,5,69,95,19,97
98,14.56099039,6.77996727,9.246948606,2.127657585,0.116680261,4.571755936,2.539516235,2.182454984,0.781901118,0.364361674,0.746408665,26,61,11,44,98
99,32.54647946,13.07393326,5.809971869,2.123902691,1.389279205,2.855440791,4.604225702,3.973812814,0.944578568,0.596276487,0.986076628,4,21,27,64,99
100,7.783766497,28.67071659,5.369613893,9.319788383,3.087503281,4.833936295,0.759524808,1.840713221,0.926482718,0.469542718,0.936582687,35,45,99,93,100
101,28.53377524,15.03444975,8.404537477,4.944099078,1.953810145,0.06924282,4.701676185,1.731882713,0.858571548,0.570808211,0.955991046,27,93,69,81,101
102,45.91920716,8.191309818,1.652590657,2.187584998,3.686177405,0.542678618,3.949964239,2.497703207,0.935644488,0.540899927,0.979562759,31,5,63,22,102
103,10.81839221,23.32316443,8.7616767,0.398612607,2.195217648,2.434117432,3.352595883,2.824480576,0.486650331,0.424943377,0.957258582,15,88,75,66,103
104,20.99052087,3.913470199,0.347134915,3.511522906,2.765474132,0.413739527,2.743168219,4.44552348,0.723922706,0.389848897,0.787340804,13,47,35,64,104
105,15.21767338,15.75764734,4.651066998,7.353194821,1.683510785,0.782296516,2.963780419,0.870522026,0.666233621,0.564800796,0.827496328,37,81,37,98,105
106,9.442784603,24.14437359,4.599781025,2.775279053,1.362606438,2.873551066,0.675315933,4.473141368,0.707792573,0.53087771,0.930539875,13,24,6,72,106
107,25.81199534,34.26766569,7.179000247,9.231621276,2.900962269,3.093999226,0.425821231,0.697679307,0.898313074,0.493777997,0.824288296,24,15,31,96,107
108,19.01171246,39.86814224,8.402337933,2.846974186,1.363046152,0.443721002,0.004574985,4.57772016,0.929839941,0.529362684,0.721365977,22,39,52,80,108
109,37.51783726,29.14999743,0.233577962,6.98417185,2.640173213,0.412637434,2.50539848,3.348456684,0.980106674,0.306120666,0.740309476,5,55,31,81,109
110,35.73796141,2.381905752,5.836124424,4.698613186,1.982176906,1.482962216,0.588780331,4.485552377,0.616605499,0.41526267,0.986034077,31,2,5,9,110
111,20.7971711,12.99607746,2.848834997,9.887278437,1.922557326,3.303603596,1.221289817,4.110453791,0.637975627,0.32136777,0.95059275,25,87,89,99,111
112,26.938809,31.00345048,8.182840289,2.526797838,0.225102623,2.884424318,3.611394706,4.735983242,0.670364816,0.476994418,0.81208023,30,38,8,70,112
113,25.32467856,5.083795359,0.828410875,5.463404245,2.588680525,0.286924212,0.228982743,1.590347098,0.791372103,0.326512266,0.896703374,6,8,22,13,113
114,12.57260944,14.60162797,8.775425037,0.992131374,1.086195073,4.800795239,3.103391995,3.494519896,0.923589566,0.414798431,0.757444052,37,60,5,14,114
115,1.525900688,27.8650119,3.846371908,1.037079032,2.538239847,3.165914799,4.225639169,0.651175025,0.862377273,0.340424799,0.809405579,14,35,23,91,115
116,44.24183138,13.4001922,8.908319178,4.099512454,2.592175714,2.377860106,0.314499414,0.600658188,0.920216967,0.554064978,0.764821127,31,50,53,34,116
117,13.96309567,3.266724219,6.989112907,8.924018412,1.935731434,4.916962094,1.45544748,1.022072185,0.42458922,0.483143838,0.772328011,35,59,5,87,117
118,5.77753962,11.96257801,4.96064915,1.546739163,0.306102461,1.945915864,3.863566925,3.292750578,0.779904967,0.440993528,0.818011762,29,47,86,100,118
119,27.26389096,6.322054907,8.096094116,8.920739087,1.367997986,1.027958655,1.411039747,1.421157123,0.983508003,0.371839963,0.732904555,36,89,95,3,119
120,0.38827325,23.65869781,1.583095407,6.318147139,0.223099832,4.370297083,4.576704128,2.826794836,0.628166626,0.415903011,0.891479709,31,28,86,26,120
121,34.4630152,29.70054719,8.692045811,0.657609141,2.917727734,1.810270775,0.557426805,3.383363408,0.829934593,0.545295059,0.905594538,23,91,77,18,121
122,19.10355624,32.27553465,3.231920414,9.467766618,4.818404067,4.120363986,3.20548438,0.245244141,0.439562165,0.428157386,0.99667627,28,33,18,84,122
123,1.217397909,37.33970424,8.724589392,4.921006197,0.969202184,0.028681876,1.878274648,2.025339864,0.566788999,0.558329606,0.781394181,29,36,78,94,123
124,8.997022208,1.535104929,5.040846012,2.946495868,0.343329279,2.627887012,4.755865253,4.749220536,0.55431483,0.587140427,0.747724021,12,95,67,72,124
125,23.38393896,12.15900813,5.342896565,5.076450758,0.780375065,3.473153663,3.946833642,2.608447998,0.583187381,0.470401599,0.865664149,3,33,66,4,125
126,43.71788213,2.412673157,2.508703203,6.296246568,4.698228396,1.878086729,4.337125345,1.423609448,0.587002242,0.591251959,0.717234037,22,25,60,17,126
127,35.73388799,29.10080373,3.428049817,1.907988763,3.606214553,2.384856872,1.32213364,3.112132642,0.611937903,0.374634634,0.746886435,26,84,93,43,127
128,14.32690053,19.9577003,4.870684283,6.623292758,4.412180304,0.031705644,3.903917727,1.042259126,0.949418075,0.519847743,0.728952684,0,6,12,6,128
129,0.958755048,29.98513575,0.058593608,1.252088256,2.29960027,0.667839022,4.091023783,3.824898337,0.946932736,0.444908316,0.991292792,37,94,6,0,129
130,20.1505746,1.424691752,0.625537881,3.22262964,3.577665863,0.768086411,3.160706946,3.500416366,0.594187456,0.370619827,0.821400093,34,67,86,89,130
131,9.008276336,34.07688737,2.184978157,7.855361387,0.231216221,1.435057381,4.130153451,1.594953889,0.426615772,0.576529729,0.918440222,2,19,93,39,131
132,32.8425692,36.22058598,1.395025112,6.75731131,2.875798716,3.415871032,3.148117818,4.106233268,0.503563135,0.416403026,0.724010053,26,40,17,30,132
133,26.0524663,29.97993423,8.607879777,5.574144797,2.902957565,0.497049775,3.335297384,0.811202315,0.923389114,0.477677903,0.705209374,34,6,0,39,133
134,28.65476806,27.21263423,4.63594283,0.116643483,2.174942416,1.50465644,3.708522433,2.119373946,0.930871682,0.484491728,0.952621553,6,47,70,24,134
135,4.636937562,28.8997459,5.173854859,6.37137893,3.34485122,1.72621412,2.062965867,1.737087143,0.875364471,0.369732179,0.967350373,23,3,66,91,135
136,19.97323992,35.23444807,2.967958775,0.671281448,0.128990987,3.723624448,1.922774258,1.774973592,0.725067736,0.541214608,0.89521639,29,32,86,33,136
137,35.49840618,11.7215629,3.014994922,9.23229724,4.350051793,2.877905684,4.438877942,3.240176831,0.988820153,0.577449829,0.949795473,20,4,27,75,137
138,3.852224874,36.68448908,9.02901851,6.383757574,2.344324042,1.204150317,3.675258031,4.72088538,0.722160719,0.444506166,0.851275859,35,90,2,91,138
139,23.74710409,6.129556477,4.447390795,4.374805617,4.448582614,3.39931365,0.968982532,2.106315144,0.772413313,0.58426272,0.898690097,0,70,76,49,139
140,46.32862139,27.91046744,2.895233298,7.285057818,2.921533006,3.66612944,0.816277751,2.554990649,0.7133805,0.365107285,0.811106728,21,12,30,66,140
141,5.527063306,30.70012932,1.823349136,3.930118188,1.729830087,2.633150634,0.552930801,3.950476374,0.982802676,0.369497256,0.91790397,5,49,6,2,141
142,26.08791912,29.40759995,5.487107957,1.764314074,1.199267399,2.156183153,0.20394065,3.11766062,0.721976072,0.475652097,0.722276699,11,91,100,80,142
143,27.2973951,7.056084304,7.607253471,3.037049109,4.838021929,3.069364583,2.686206296,1.069108895,0.595162412,0.470648099,0.914833779,7,47,45,10,143
144,30.16210429,16.87050956,1.616403385,2.691694072,1.246931513,1.388909115,4.082131741,1.067227857,0.461647701,0.543512127,0.836846012,18,57,26,16,144
145,32.72297013,11.81970968,6.350396773,0.7102371,4.533910582,3.239288844,4.999710387,0.783458226,0.922556722,0.495606834,0.877704001,14,3,10,40,145
146,15.30180359,28.2441824,2.860348228,1.504557264,2.999630175,3.153235535,0.414194682,3.713815365,0.515486382,0.537788056,0.83406565,24,44,97,79,146
147,20.68062218,29.78083185,3.326675396,1.368664226,3.058756164,4.880523399,1.070811817,4.924158834,0.559117065,0.358028145,0.995501172,8,89,84,33,147
148,45.58233284,11.00922402,5.990084646,3.28692551,4.843376935,1.596574318,2.708544723,3.416165948,0.871154145,0.46187841,0.866608329,11,18,38,27,148
149,33.04167072,19.2133879,4.419717267,3.667765158,3.444798537,1.669147382,4.342997952,4.317780602,0.474152386,0.405001105,0.753477483,31,71,4,51,149
150,36.83142097,32.0934474,9.188774869,3.127322549,2.27390583,4.825733336,2.984012615,3.965323357,0.872523548,0.460155197,0.985162328,32,5,64,22,150
151,2.93690996,18.24984513,1.015693088,2.39149517,1.263177956,4.075180431,1.733329933,0.680285688,0.697759197,0.529070812,0.860607549,11,51,13,23,151
152,36.97915795,8.76699839,0.985763931,5.128254186,1.567013961,0.236278816,4.730339796,3.203869247,0.890877657,0.368456715,0.725126578,4,44,44,40,152
153,39.11314191,31.21563575,1.753174033,2.640176099,0.282161631,0.461482168,0.329142015,1.577005491,0.585623434,0.520143312,0.736430758,20,64,92,8,153
154,41.59215014,39.18422869,0.877858924,7.533464819,3.562406141,0.545095641,2.559937677,0.965661938,0.957847305,0.452390259,0.999005705,17,74,28,37,154
155,25.68344142,10.27531049,4.366793916,8.359723531,1.686942407,4.582693863,0.23013286,2.538873638,0.57718739,0.43309279,0.866780133,14,29,95,21,155
156,36.28706397,11.32654444,4.222263041,9.789761339,1.659347279,4.039045656,2.821115367,0.445021103,0.71299808,0.375076828,0.726910827,15,18,38,68,156
157,5.527200218,25.99654227,9.404428396,3.928131687,3.546807755,2.215082237,3.737634246,4.850197222,0.653510353,0.525444139,0.872823748,16,59,93,38,157
158,32.69989031,33.94600397,6.264709111,3.679013496,4.500376903,3.735032469,0.706185431,0.737465034,0.780820542,0.540499238,0.776751694,1,50,61,82,158
159,15.75648919,23.96580439,1.359976588,6.480998532,3.846075063,3.384736936,0.762111476,2.717259314,0.549186569,0.419316967,0.996229839,18,20,12,80,159
160,4.634598677,37.47821968,8.273745306,3.00574236,4.520200762,0.324808288,3.47678756,3.546853152,0.512616488,0.548656254,0.745281876,23,81,18,93,160
161,19.25672524,10.2660924,2.537355799,7.401214383,0.577597127,3.01917059,4.130648022,3.50247722,0.940197276,0.307911246,0.93645535,4,43,75,83,161
162,47.70574674,3.685251713,7.753682872,0.229007779,2.954819325,2.470933847,3.870349439,3.041520434,0.962791615,0.383375448,0.706186401,26,11,48,32,162
163,6.367904252,37.07921885,9.982006498,8.179365752,3.416114907,4.734873805,0.701334108,4.496439324,0.445747607,0.567640862,0.91562711,29,69,32,66,163
164,23.82282438,36.38486471,5.812429546,7.265787503,4.207968616,4.01553022,1.571066886,0.101019974,0.806500579,0.570027906,0.811128454,18,65,80,86,164
165,0.911028686,28.94881889,3.12110278,2.071893455,0.047872299,3.138768484,4.316617499,4.489137156,0.491716474,0.408723419,0.936802955,37,69,37,35,165
166,12.30292791,13.30587004,9.414056148,7.706071619,3.42628798,4.761421878,0.783929308,1.98924118,0.432376326,0.493155442,0.741357618,17,58,93,13,166
167,33.51168176,13.64086396,0.92362708,0.134998388,2.878076932,3.442007159,4.811516271,1.46360958,0.795876553,0.527136171,0.720503799,1,98,9,64,167
168,44.15782983,22.61275002,8.166255088,5.603788359,4.953785607,2.720078456,2.620700171,2.178670251,0.581273123,0.386080232,0.863896897,35,100,71,47,168
169,23.31577836,29.56407836,5.598323322,3.552498965,4.033818704,1.070817892,4.890004258,2.430002602,0.409642308,0.340528389,0.83606704,37,60,80,59,169
170,18.95420516,36.3362812,9.458617109,3.151040011,2.238528832,4.231238642,2.294433565,3.437223417,0.512349638,0.549724344,0.8172476,27,3,51,11,170
171,31.73607792,36.50655288,1.971995563,9.596704707,1.534269072,0.102771622,1.946875009,4.163962764,0.420540172,0.453401386,0.841104914,2,22,84,98,171
172,43.5452702,26.07676998,4.742787758,5.31227434,2.587503005,1.805271667,0.825484143,2.350000074,0.95586557,0.523085267,0.791393857,16,61,40,30,172
173,38.45858531,36.31354517,8.164341871,1.95585661,1.092635788,2.604271405,1.522536093,0.36325933,0.861346499,0.4363599,0.827509526,13,2,69,92,173
174,14.4785528,20.52857329,5.314474457,0.595828781,3.160104359,0.576264309,3.434166485,0.893949435,0.592688933,0.530381922,0.935504742,22,77,62,76,174
175,37.5624293,18.4462696,7.206804109,4.394755917,3.26962955,1.821078788,2.742470566,2.707025439,0.837265087,0.540767368,0.790205326,30,82,35,86,175
176,13.53898789,25.49021866,4.445089912,3.47820777,3.549618127,1.057436616,4.386881401,4.490432224,0.940949667,0.3494387,0.811856503,13,83,82,91,176
177,40.52145949,27.55597002,3.223586196,2.785617858,2.228313815,0.139204712,0.729447253,0.516184338,0.565043061,0.334473975,0.927789298,1,79,59,46,177
178,35.80393581,4.80579787,9.130121151,8.30139692,1.573784812,2.263414028,1.685645106,2.831744855,0.906028604,0.548193367,0.893682605,24,51,18,37,178
179,23.51328489,12.42665188,5.257784346,2.412453733,1.629820806,0.514466884,3.645390279,1.19415041,0.849206899,0.433265655,0.953316483,37,88,25,18,179
180,27.17731343,38.73664765,5.884839527,5.5449927,2.053825612,3.224507445,4.021462536,3.754219126,0.646723027,0.344219954,0.739324247,31,15,26,41,180
181,10.29365908,30.11334107,8.896224182,4.958609527,3.672618384,0.918550969,2.54294154,0.310136853,0.899678314,0.597661037,0.849401369,23,44,98,11,181
182,45.30034331,23.30120952,3.874826351,7.769118826,2.900910896,3.969852748,1.43084662,3.45996106,0.861031915,0.360358603,0.942215572,19,72,89,23,182
183,24.00935745,6.406370416,7.147881084,2.270832573,1.665956545,0.272430331,3.921902679,3.8493223,0.816553917,0.564200344,0.825450817,38,33,89,68,183
184,5.398353738,39.10839437,6.994364295,6.939518954,0.268422003,2.309336971,2.174715225,4.910116506,0.624985869,0.565579995,0.926402208,24,78,13,100,184
185,38.58058373,10.45532491,7.403351676,4.660697437,4.90160103,1.592427099,2.502634498,2.68942117,0.403392033,0.326126644,0.773988379,23,31,28,82,185
186,40.91132517,23.06609739,4.396246818,1.140465084,3.200343341,2.273777341,4.239548879,3.19732328,0.77738657,0.485484108,0.850696103,7,39,48,9,186
187,45.04771846,37.52368596,7.054034132,2.254913863,1.309766941,2.375292888,4.791806521,4.094927324,0.787424633,0.38703365,0.760351856,31,39,82,21,187
188,38.63852595,7.440269992,2.230823258,4.106091916,4.136969496,4.201105961,4.246342668,4.035743694,0.771044322,0.434363496,0.846919747,40,35,84,4,188
189,1.497485039,16.12107527,5.630569133,8.292372179,0.410845862,1.261264867,4.339930031,1.711106708,0.534082624,0.467539837,0.959797417,6,78,55,48,189
190,26.77788919,36.8642564,2.400511604,6.097952624,3.765752533,3.625740953,4.133403974,3.624963123,0.809553496,0.405384674,0.961063316,30,4,81,14,190
191,6.66577831,2.85501436,8.842830345,9.391897095,4.846609346,4.137069536,3.724779574,4.337023264,0.836960804,0.511822314,0.805899443,7,23,28,98,191
192,31.05045345,4.979691961,7.663162298,8.533476246,0.117149896,1.55834227,0.346125156,2.679863157,0.738347573,0.407980274,0.84395116,13,14,16,79,192
193,2.560052294,27.24540296,7.84931739,9.376152086,3.500437796,1.517500651,2.71131842,4.69672101,0.518607655,0.441079267,0.973649136,10,34,14,80,193
194,20.76742289,22.96504231,6.926671495,7.674667774,0.841719961,3.436152072,1.324246787,0.35269503,0.405898062,0.405613931,0.731769618,7,92,63,91,194
195,4.158903434,22.5116458,5.268272908,1.673073517,4.000263924,4.91926551,0.23393585,3.000358424,0.943310234,0.497751484,0.810214152,23,89,54,34,195
196,3.10323428,19.25903293,7.253193656,4.753805746,2.203224081,3.159225995,0.446108563,3.587238286,0.500461484,0.341795414,0.894100325,1,48,79,95,196
197,21.70018038,29.54969608,4.71913263,8.95409037,1.856293577,2.738442033,2.847506707,2.53218998,0.539512741,0.557678708,0.913759936,20,12,27,31,197
198,33.55480885,38.39952024,4.194835447,4.953933417,0.144741422,2.523451524,1.355653574,0.076219776,0.69581799,0.49376788,0.911118346,16,40,63,98,198
199,40.77488561,6.87194634,6.077199027,5.137027401,2.595108617,2.548953267,4.993002576,0.804544006,0.947700553,0.369232121,0.789916368,36,34,73,79,199
200,36.95661592,13.83459458,6.789236904,5.740674505,2.667198224,3.041356596,3.169005712,3.148816144,0.673836728,0.327463642,0.884020703,27,58,42,70,200
201,16.19645889,9.111110076,6.397256759,3.667191477,1.322836768,3.153221908,2.407173135,2.028209765,0.629363312,0.491564159,0.836271521,3,57,29,77,201
202,38.00428272,37.65057791,6.419767542,8.537619247,2.211125995,2.817408698,0.555993541,1.188133284,0.84129263,0.476383591,0.722398167,6,74,68,16,202
203,18.32646022,34.00919312,5.839805509,8.893147371,3.267438114,0.027403373,3.241783592,2.678193769,0.813022159,0.344305748,0.809052859,9,17,97,52,203
204,0.223563199,36.9761831,4.335110464,3.289626886,2.707974939,4.503352177,1.479771992,0.774228159,0.574774913,0.37518102,0.841420979,6,74,58,89,204
205,37.4323537,19.52997891,5.434677961,1.376553691,0.234493815,1.081225907,3.150089768,0.053818802,0.748822075,0.473242933,0.774394064,24,65,32,91,205
206,27.1466329,4.977287416,5.932167734,6.823576543,0.805884861,1.460871603,2.810129148,2.859846215,0.512790514,0.547737888,0.775647996,0,12,28,77,206
207,21.91636619,22.04193367,6.352169209,1.769257694,2.941124184,1.507850127,0.707491207,0.573046833,0.563179849,0.53367922,0.839796683,1,60,97,97,207
208,16.92449797,11.63960013,9.636788323,8.687217975,4.769462033,2.21828082,4.376180346,2.525796411,0.436636572,0.445789612,0.730659821,2,36,73,50,208
209,9.540373083,30.08842597,2.294786424,7.647625531,0.898372263,4.733368085,1.991587717,2.555535972,0.560042388,0.46439689,0.816306664,32,5,7,62,209
210,24.59241406,9.073433645,2.038508572,9.563289388,2.196335896,0.245453072,0.897755103,1.767244185,0.656816474,0.337492797,0.768297868,31,82,61,16,210
211,29.18777694,4.013267995,4.417517938,6.307658011,0.235934199,3.021035585,3.200446789,4.148337532,0.578049334,0.322805261,0.805937216,40,19,69,77,211
212,20.99605655,33.5440347,7.326863774,2.761070207,1.250558692,4.533730368,1.465952026,0.893735739,0.831376866,0.319397933,0.983038887,15,72,91,15,212
213,21.85420037,5.270415602,5.810443179,3.872206958,4.046774585,0.030677562,1.225350088,0.658044796,0.768396528,0.4917522,0.729095178,10,33,99,97,213
214,5.765705291,36.38012523,9.916857753,1.388762755,1.880266106,2.699511342,4.176781584,0.839073705,0.420538705,0.421075803,0.995463899,3,90,17,2,214
215,11.08610953,5.954729138,2.367902026,0.34408782,4.560596494,1.124585541,1.686307518,2.094230656,0.680861473,0.312407071,0.728496335,14,58,56,53,215
216,7.89375183,10.01054673,4.4460702,3.856176819,1.323589236,0.238478101,2.242487596,0.787719306,0.72534476,0.551889467,0.702000782,17,5,57,0,216
217,23.08223445,8.364070093,1.871243771,0.532529035,2.355284645,3.365169252,3.009446048,1.40179203,0.528143372,0.548113916,0.957594768,13,50,24,87,217
218,28.43751492,10.8449711,4.090946703,3.030568674,0.34209943,3.025365425,0.815101462,3.187992031,0.455127893,0.43810517,0.904123713,39,18,32,72,218
219,28.24730057,23.48932028,2.625741605,7.748542084,0.63822144,3.536754728,4.518934602,2.050663289,0.972884037,0.312766774,0.718205199,39,1,40,49,219
220,10.09800967,32.59388925,0.858199922,4.028687199,1.640362935,1.313807632,1.042639898,0.4373561,0.453293009,0.357271404,0.839257827,38,85,61,59,220
221,47.02379942,21.84162845,9.266828818,2.455890984,0.055222246,4.438730533,4.685862216,3.156485518,0.634519468,0.527477367,0.765771946,8,45,89,59,221
222,34.15325496,33.61610531,5.312318363,8.398856955,3.429184613,3.61775877,0.155061077,4.488026989,0.695319792,0.526634135,0.774700884,27,74,14,97,222
223,46.6724609,22.12549346,1.324389592,3.101928929,2.532620156,2.988443268,2.496407624,2.296289949,0.690699126,0.475862466,0.716787993,33,38,4,2,223
224,28.30705859,26.23303628,1.062948562,4.344371857,2.363318229,2.604637952,2.888038732,1.51662767,0.811200856,0.332111669,0.781832826,37,64,13,57,224
225,4.591982651,9.428224096,6.347146072,7.943446414,3.361614218,0.582750515,2.418994845,1.979816312,0.935396427,0.477971519,0.993865932,4,90,57,20,225
226,23.22515699,4.630980646,0.726885406,2.375258513,4.62572516,2.699506028,1.640688613,1.758556925,0.401236431,0.45310239,0.86516773,39,31,61,70,226
227,19.96747708,21.89062578,7.801467336,0.590345576,0.093639755,1.757827148,2.364407291,2.151773272,0.482578154,0.432631284,0.99914072,25,35,32,40,227
228,43.06565949,10.00402517,7.845702914,2.197912043,3.84668569,1.819678617,1.65676293,0.836166177,0.934116184,0.399527317,0.73929696,26,18,22,33,228
229,39.11031129,20.7380297,6.94542871,6.875724522,3.498543534,0.326409049,1.455298081,1.599116488,0.758621992,0.532012376,0.852612658,3,82,34,69,229
230,36.81630342,7.191371051,2.178308735,1.671687108,2.007218236,4.181909525,3.441530807,0.573423703,0.676016819,0.548813842,0.810174962,25,91,46,59,230
231,35.45227915,10.68757596,7.002605768,3.501216365,1.994477306,0.979141882,4.041740703,1.008168774,0.634244082,0.430580282,0.843900213,23,51,17,18,231
232,8.572959192,28.97973592,6.540746211,5.316272383,1.241344043,2.147563406,1.781656006,4.137539042,0.561791018,0.42310326,0.958221614,35,16,31,11,232
233,39.20101119,28.7788604,7.068545061,9.87493599,3.16846074,3.052551746,0.835332586,3.524937666,0.500526274,0.372986075,0.753684074,0,62,89,7,233
234,15.27847625,25.74499239,2.300473165,7.685622499,4.016048298,0.268438299,1.441740596,3.991938818,0.486263113,0.548697607,0.803616052,38,25,61,32,234
235,40.38845039,21.61437784,1.249762539,1.255159129,1.407734852,1.822741996,0.130214949,1.664954473,0.880162878,0.53767293,0.989381122,1,67,97,89,235
236,15.14532388,11.91759775,6.698737329,2.269204514,4.178399523,3.988177375,3.68942228,3.768479027,0.906071386,0.451532686,0.928909709,11,36,85,8,236
237,10.43170064,5.387730748,0.240665474,2.782999387,4.450657238,3.464508249,1.010296737,2.567828569,0.44800829,0.438781347,0.91221329,21,8,92,14,237
238,7.853243254,20.75921471,7.356935356,2.634582575,3.271065201,3.681809289,1.584155777,4.98419154,0.526782228,0.521739607,0.961454692,20,63,22,50,238
239,44.25155238,6.74777827,9.105838607,1.325872831,4.588703935,4.496909047,3.110900975,3.447279437,0.500143818,0.477691051,0.794915141,36,43,40,41,239
240,3.557226511,33.51149698,1.291656289,4.986562619,3.160323884,4.333283587,1.208361141,3.792616615,0.642818451,0.53110659,0.756912678,4,31,6,28,240
241,36.30106593,30.46277435,5.312578361,1.29094325,0.897239196,4.776586155,2.742658723,0.015127002,0.454582395,0.433336219,0.78317255,2,80,63,13,241
242,35.60325905,35.49716171,0.575247259,3.409669866,2.515105649,4.094701182,3.988209827,4.085128574,0.885364585,0.574393669,0.919073542,13,27,20,77,242
243,41.13411415,30.63322569,2.53800733,5.558664824,4.252983663,1.315749052,3.780484606,1.813934781,0.947443985,0.425456365,0.930935301,16,9,85,47,243
244,7.979595419,24.78476419,9.948921434,3.192234196,0.339164409,2.425092553,2.316868091,3.588487266,0.823686627,0.477195233,0.751970069,25,32,57,91,244
245,42.08575861,12.73015339,0.69844739,7.301385313,0.634335765,0.842748421,2.631974088,3.365496607,0.673372679,0.557674193,0.98184843,32,12,52,100,245
246,29.48448203,34.19670337,3.526333892,5.640095699,4.582112148,0.68071636,3.157322107,3.986827836,0.729691236,0.373702565,0.724560851,35,91,84,34,246
247,32.76822594,9.387763549,5.163157633,7.134034387,1.4581365,1.859672372,0.855515134,4.861485371,0.491962069,0.380494058,0.926176056,8,62,28,14,247
248,9.225062348,22.60773146,0.102792687,3.928281786,4.966817922,3.114604138,2.196028199,4.220179144,0.893434113,0.334543956,0.8709564,39,35,57,94,248
249,15.09755493,4.222227594,1.299533674,7.367779721,4.956250508,0.13765602,4.489590134,4.77618193,0.799494648,0.468452165,0.849342119,27,41,49,91,249
250,7.035634845,19.8691258,1.582751073,0.091438958,2.687136856,3.60217449,1.933265314,3.394621,0.786053072,0.390881969,0.751424965,13,15,96,67,250
251,47.2612851,1.298176854,9.28771257,9.878358186,4.995432945,3.249903611,0.859446412,1.433032922,0.632117816,0.461178782,0.907508952,26,83,95,100,251
252,7.799050045,14.64487437,6.518045007,5.651227989,1.725273339,4.264911691,3.873895412,4.960742436,0.533829324,0.479986134,0.990186282,36,96,72,23,252
253,3.656089717,1.330401381,2.405203362,2.314037285,1.004426,4.670681845,4.232038449,4.574833713,0.650855349,0.415992398,0.843099901,32,15,5,0,253
254,36.27358748,35.3280978,4.382227332,5.205016934,3.369859603,0.568309162,1.643886807,2.329413429,0.431752334,0.509719273,0.900479518,17,34,2,82,254
255,14.95293824,19.11895575,6.03419604,9.947915502,1.372744132,3.246413639,4.257619591,2.895909822,0.790853301,0.580863827,0.953160851,10,55,89,21,255
256,33.30333471,26.51215822,6.951286494,7.801185584,4.830027002,1.99676203,0.139110495,0.926367446,0.91450836,0.587435573,0.96073819,36,26,87,69,256
257,43.22440923,24.8326868,8.748397942,3.820213844,0.731699963,2.195015715,1.424268845,3.814873434,0.517301641,0.571682685,0.972912398,22,26,50,44,257
258,1.298362055,35.9002725,1.342161692,0.348512903,4.487509332,0.529776606,2.423192632,0.080362635,0.406875418,0.52977056,0.86289034,16,2,12,16,258
259,39.65068618,15.02244528,6.271377516,5.913376682,4.277748819,4.813775908,3.672161546,3.410549137,0.551431593,0.353577559,0.955952981,12,72,27,45,259
260,2.590207899,26.85689169,3.807816666,0.598595442,0.934025102,2.495777543,0.901537479,0.278465771,0.570462587,0.363302726,0.773774557,2,49,31,32,260
261,4.787418142,27.09942392,3.142201367,4.63880336,3.169852258,2.815551705,4.258823679,0.869576613,0.951657594,0.396537221,0.926869522,40,26,14,95,261
262,1.186850494,5.757014778,8.999755002,7.236985778,4.074591738,1.042045318,2.745007028,1.468685137,0.488944922,0.414170596,0.83064395,2,30,81,21,262
263,11.18913965,17.90076829,4.415451678,1.551577429,2.90968005,2.585800411,3.45562947,2.126197393,0.885181646,0.465450271,0.88049904,21,75,96,0,263
264,22.49724596,28.34533575,9.715469198,1.018990457,0.943522249,4.151043228,4.854667839,1.878722489,0.488400992,0.575126175,0.826610803,30,15,80,97,264
265,16.16641209,6.244654553,1.233222588,9.461192946,0.387460126,2.546511702,0.189822798,4.774334218,0.506616344,0.439309056,0.804407017,4,82,99,43,265
266,30.82196259,39.5141241,0.33714668,5.997179688,3.979029569,2.765238478,3.066932719,0.745879767,0.756880998,0.599722607,0.821872065,22,77,53,84,266
267,41.48367205,35.85035155,2.105378428,4.634276409,2.66583943,4.760296619,3.208386497,2.741730145,0.797725801,0.407369574,0.923244872,17,79,99,84,267
268,15.44096599,35.3071404,3.442411311,6.732152788,4.724509135,3.117968572,3.641534689,0.936626163,0.544260181,0.426523022,0.724004734,15,6,89,44,268
269,14.59357165,23.59399,7.433975826,3.853798031,2.36306487,1.525641083,4.989046081,1.620107252,0.921473071,0.366754413,0.987729877,0,89,20,71,269
270,9.846608117,22.58635376,1.860887989,8.726083489,2.444314764,1.180008718,2.943542593,3.623621635,0.920024903,0.346204913,0.847209123,31,29,47,79,270
271,18.09440782,33.5006367,7.434323606,8.341765895,1.102944795,0.014589469,2.858339962,1.520224092,0.725166796,0.540610796,0.878464157,7,1,82,21,271
272,22.18904869,13.62701609,6.41006072,0.142010893,1.306186497,2.148922063,1.039411329,0.517699376,0.462307859,0.375648045,0.92514968,12,88,30,50,272
273,31.24703001,14.3495072,1.694023722,6.33303938,4.78146583,3.691813532,4.130746531,1.672018666,0.840492149,0.44936585,0.768673715,34,6,99,34,273
274,14.40622593,33.06957702,8.139926745,1.36644733,4.207757592,3.791525458,2.132403066,2.102060262,0.435177226,0.406285463,0.983231857,34,20,83,14,274
275,10.09399704,24.51986985,4.981107595,3.670988606,3.215170225,0.041168271,3.212158782,1.57719164,0.870219867,0.563982646,0.834272028,11,28,81,3,275
276,16.35053584,37.78505822,1.226598747,5.431421648,3.018975362,0.105701322,2.23725264,4.096404013,0.41068429,0.533439639,0.981225183,29,70,85,93,276
277,16.84458464,18.77492711,4.525750899,8.125678211,3.018759611,3.483185149,2.897476526,2.66452109,0.654499116,0.457715018,0.787930704,28,71,9,98,277
278,3.838010182,17.99531497,9.040155729,9.285159005,0.189495605,4.265944289,0.396373344,4.404366042,0.950605227,0.345633729,0.705987141,40,8,15,94,278
279,3.926466658,37.40646705,0.228143518,2.450978295,3.874559621,4.990707398,0.555367065,1.584133607,0.824198228,0.333945175,0.956983186,6,70,80,33,279
280,16.1558177,19.01240504,0.633054109,2.654702352,3.350524387,4.735090384,2.317629004,1.510180996,0.889759782,0.509452234,0.983588542,21,50,63,77,280
281,31.79756614,25.51544948,4.612096943,3.089678319,0.167530826,2.107934619,4.596508163,3.361955044,0.435534301,0.406447386,0.918882296,13,87,65,24,281
282,24.21667173,14.33813545,3.553009249,0.305953043,4.762932216,2.171739177,4.952192516,4.771120586,0.768903104,0.512626187,0.997750411,16,69,64,89,282
283,8.275650108,7.27150092,6.534083382,2.402752645,2.653413506,3.201222719,3.183573791,4.990525674,0.703081977,0.361017883,0.759791204,1,64,37,9,283
284,43.48885733,22.46695201,5.949253986,1.861539358,4.155034551,0.006006874,3.579241524,4.346604942,0.480359649,0.393377608,0.72796609,20,87,86,93,284
285,35.86623813,11.54864877,8.630185194,3.99681905,3.977702159,0.698854488,2.188355,0.380303404,0.869417801,0.523186011,0.746574147,37,89,66,38,285
286,5.808816994,38.93237362,5.378591831,1.10527874,0.401798775,1.719946984,2.978300067,3.955441147,0.621340067,0.365143405,0.761041949,31,34,81,17,286
287,7.726618615,32.06883072,1.848789336,5.68502779,1.100768144,0.144616827,4.507300437,4.127176499,0.555013168,0.529426782,0.849409658,31,66,90,21,287
288,39.65528829,29.4992954,1.789211732,7.802496204,3.938557684,1.561458204,3.285972896,1.351162706,0.8275839,0.573678347,0.751070388,2,73,29,40,288
289,35.99369682,34.4022903,9.668574791,4.321119268,2.081054119,4.503052533,4.029385462,4.408740669,0.878312929,0.577068348,0.929253598,32,32,53,14,289
290,38.76062755,18.49302313,6.839458861,8.713027924,2.011837692,1.603005226,0.759743875,1.186405195,0.70746559,0.408057602,0.845780272,34,58,83,75,290
291,7.263301151,22.44313153,0.538969021,2.682962897,3.759820135,4.18030167,4.768862732,2.100202431,0.59807632,0.38260757,0.776859213,37,36,32,91,291
292,40.31897098,31.54018098,4.850189699,8.905637074,3.263928804,0.05404119,4.689567724,1.690150322,0.808042179,0.422914474,0.873512808,21,66,88,63,292
293,1.465972783,29.74691657,4.997693149,3.551069575,0.335861397,3.083653976,4.66968664,3.220196395,0.414537092,0.392625122,0.726830493,22,17,33,20,293
294,14.72502562,13.93722615,2.846931518,9.483989385,2.202758542,1.804471344,1.02395103,2.455301229,0.749971205,0.570153046,0.894538641,7,87,67,22,294
295,22.51402109,14.52532412,2.552628801,4.165932741,4.845359537,3.229144775,4.284697014,3.591293715,0.774654275,0.308505191,0.732110307,12,68,81,13,295
296,31.19608333,18.86028319,1.418787586,0.938279784,4.222004473,1.926999813,1.320028036,3.967039595,0.592424803,0.59606132,0.81063731,16,12,72,16,296
297,1.768463722,20.01819069,2.140265885,2.110473177,4.821575084,3.457750298,0.604905058,1.248613706,0.415745949,0.539002118,0.877076304,19,65,93,28,297
298,46.16701185,3.115734507,4.727751543,0.308054702,1.95198705,0.456105882,2.087966688,3.492570447,0.531226768,0.577825181,0.766363274,19,71,26,54,298
299,7.720217467,2.157369311,0.630081491,8.963640132,0.734974972,4.783035473,1.964433284,1.470259561,0.411619127,0.398379676,0.892412427,20,59,15,77,299
300,37.4388527,18.12275912,5.812937686,4.514903221,0.806783836,3.843244413,4.571600078,1.994740534,0.771594056,0.372938297,0.768595961,33,66,26,72,300
301,17.24497695,14.54748889,1.423412521,3.068899018,0.450917197,3.916374066,0.98808637,0.990212297,0.527678269,0.528858062,0.911499558,24,53,81,91,301
302,47.86834409,5.057034293,7.733949677,6.284169756,2.805490087,4.15536355,2.443985279,4.005570423,0.991316465,0.454596713,0.774597925,25,56,100,70,302
303,32.65253199,38.65160513,6.928255737,5.924795381,2.639620509,2.850219027,1.224528905,1.506754553,0.736964663,0.525589469,0.799955122,27,33,67,22,303
304,10.67866572,14.27600029,3.689687913,1.610451662,0.435235851,1.693294435,4.08841192,2.579612845,0.405458372,0.500308069,0.772179008,32,53,59,32,304
305,5.276279247,0.499822257,1.163771631,2.235372426,3.764664174,4.708894451,2.549096223,0.239127926,0.91415511,0.490825133,0.822967366,26,66,42,12,305
306,37.80766602,31.1945671,9.790220778,5.474414479,1.859074276,0.303464325,0.179268379,2.245968581,0.544011303,0.546982439,0.761197681,29,7,81,7,306
307,10.61124147,14.89799708,0.659666744,3.816996885,2.074485798,3.562724439,1.193612983,4.580713944,0.619224063,0.351343234,0.80740672,1,50,58,86,307
308,1.349129521,2.004398544,7.216733825,9.639224438,3.837752215,4.496448845,0.75892965,1.006067276,0.840720175,0.576540137,0.799978227,38,3,95,70,308
309,6.411929643,24.79485583,6.325521219,2.914326788,2.440944039,4.254275813,2.138612378,4.358701883,0.936738612,0.345906292,0.782065448,10,12,32,63,309
310,45.86149728,17.13122333,1.774195406,4.062230372,4.61040875,4.05003683,0.405379242,3.121818478,0.660190121,0.570767884,0.799026846,6,62,48,21,310
311,38.41960356,39.44900896,5.093699883,4.774119445,1.922525471,4.80903088,3.990730865,0.30961468,0.559930477,0.303689717,0.912686272,3,17,56,24,311
312,33.26256749,18.02324727,6.225377862,1.134599133,3.696539472,2.807734436,3.735789706,4.524238452,0.690073326,0.519872447,0.864819467,8,31,2,70,312
313,31.54471029,4.453314815,3.90893482,9.370327752,3.939633789,4.251832882,2.053487989,0.874231599,0.801753765,0.360798386,0.823429825,22,89,38,36,313
314,42.28305403,6.140046373,5.64754693,1.971884429,1.523745373,0.486488696,4.291106263,2.50136967,0.787820215,0.581036342,0.747492169,12,10,84,11,314
315,29.08265896,1.978231687,8.522458169,1.712470511,4.982193826,4.938521464,4.143552683,0.276574839,0.955170359,0.52819883,0.820884856,39,40,11,4,315
316,14.08107525,34.21347868,0.333409431,2.435440152,2.640993182,4.927575076,3.368349664,0.026492092,0.553464116,0.43360456,0.76775843,23,34,46,8,316
317,42.77105963,30.05650562,5.362429906,4.317214031,4.568172394,4.642621881,4.504336496,2.219434147,0.75307114,0.58402586,0.948621828,23,5,53,6,317
318,8.144667947,33.25923366,3.081026845,7.033413207,3.045979313,4.34105605,0.678236494,3.557689712,0.441801163,0.399852307,0.999324066,8,89,26,41,318
319,38.38443771,26.17729953,9.807089258,9.144751421,2.613650026,3.012133649,2.349106164,4.104452513,0.738697817,0.340017718,0.745852783,13,21,59,21,319
320,1.566422685,29.4542928,8.17286133,5.176765726,3.822729796,4.351067326,2.616716909,1.741092441,0.575029184,0.585719036,0.89770252,16,72,83,33,320
321,22.59780686,22.99817126,1.869985163,9.982513093,1.518509182,2.411593321,3.378077888,2.779708538,0.668858293,0.496971545,0.736652661,33,84,75,60,321
322,42.60347699,17.91829008,2.840769251,7.516468639,1.199644803,4.47271424,1.09291208,2.708969884,0.542726871,0.432930525,0.706081622,0,61,96,20,322
323,46.14425147,23.06217148,6.167461577,7.64078889,0.571247534,1.393206313,2.535977932,4.875934997,0.791075357,0.569004489,0.857740416,0,27,50,80,323
324,24.85257121,14.10204176,9.593493726,2.71497546,3.990876372,2.041122858,0.42547086,2.903614223,0.480729437,0.380436338,0.81140899,28,30,36,33,324
325,7.983090633,18.13061221,4.258581012,5.741115366,4.120182673,4.459477175,3.449543093,0.443666041,0.778521437,0.335432708,0.852208302,20,56,44,52,325
326,42.43192887,17.08348149,2.4870771,7.653216248,4.287301285,0.596456447,2.42101571,1.994231021,0.974909336,0.355201451,0.761645862,22,64,24,75,326
327,16.01359795,24.76340305,4.42065515,7.704618251,2.174117307,1.868115877,3.156404106,4.545573309,0.585448486,0.584900432,0.799000388,35,2,14,95,327
328,44.79041602,25.00633092,7.590650149,3.796661368,1.82429969,4.450805805,4.46097504,2.151137445,0.734386759,0.348007534,0.846553159,3,84,86,29,328
329,22.98841978,19.73713968,5.509674928,5.931039683,2.606272284,4.690352568,1.655547125,1.652933163,0.910457269,0.410156498,0.919184526,10,62,61,21,329
330,9.972544901,10.59915532,9.504258579,9.088560445,4.882807125,2.663083254,4.15857356,4.20368757,0.608860881,0.327260392,0.807440452,29,7,59,57,330
331,12.86838935,23.13032408,5.645829596,8.232500706,2.536113597,4.938693321,2.028729441,2.058339473,0.711845764,0.523422605,0.704317959,40,25,46,87,331
332,37.50699736,16.50954975,9.65105868,7.320811722,2.531794684,2.099419026,2.347749192,3.874937819,0.922443984,0.31675869,0.933483459,6,12,95,1,332
333,1.373441861,12.3196166,0.555484509,7.998355127,0.27409047,2.3712702,1.515140098,1.272322156,0.69943671,0.503419587,0.980321661,9,45,17,19,333
334,35.88560364,10.70564066,8.770330226,8.891586128,3.056524971,3.988848808,4.509845512,2.006495025,0.989632084,0.575927779,0.82525698,20,24,60,89,334
335,21.03558487,15.26403876,4.841024204,1.916870667,1.042268567,2.594217574,1.865492909,0.619854438,0.883592522,0.404776596,0.92031317,30,100,75,82,335
336,4.525493422,38.3849245,0.006798391,5.725099551,4.446819516,1.497516266,1.45895389,2.964422901,0.994995253,0.344986186,0.979176791,13,44,43,36,336
337,38.40914051,19.45472697,2.913638506,4.554074452,2.739483771,0.293814387,3.755526174,0.966136329,0.634983619,0.343956347,0.749083441,29,100,33,55,337
338,29.39313393,24.15589497,6.956429189,8.911783735,3.772574214,4.066025343,3.534394686,1.554530483,0.519879709,0.581575118,0.984388072,11,91,27,21,338
339,37.80965582,33.771343,8.789484911,7.691992255,2.256746336,2.169603012,2.138926991,1.821674761,0.605858183,0.559285465,0.75189345,25,43,46,43,339
340,39.62312429,7.070926154,2.294757008,4.744226193,0.62316602,3.357866008,2.445769216,4.471578562,0.953133956,0.329805509,0.96533724,1,96,58,87,340
341,8.88198588,31.25613479,0.749710094,5.443377909,0.762425104,2.268507577,2.728193591,2.862287044,0.829616943,0.448942113,0.811499159,12,91,16,55,341
342,30.76140413,25.15838949,8.690049534,0.131099711,1.722062035,2.95770345,4.052164186,2.941793782,0.776159063,0.502900388,0.810500796,32,16,22,77,342
343,47.54350762,14.55738276,1.740676961,3.254084721,4.412141773,4.795033219,0.644327795,1.691194782,0.977606369,0.319479547,0.790393295,7,61,40,39,343
344,21.52747169,22.48359294,2.425202204,2.025619976,1.067532852,4.066920175,0.806236065,3.711159204,0.607294682,0.528883882,0.953999332,10,97,28,54,344
345,2.780429021,21.67066331,6.695158268,4.161293259,3.289695556,1.576279198,0.946975132,1.684523152,0.409543008,0.395213841,0.744846105,18,25,39,12,345
346,6.30173488,6.961561552,2.370548317,2.779230098,1.20482717,4.224277936,4.806946787,4.132115049,0.509096567,0.307848528,0.805720057,14,8,98,13,346
347,34.75533603,8.176670561,9.657544346,7.582960981,1.775487285,1.123083103,0.817465342,2.618874413,0.709520341,0.308345186,0.87482489,4,21,43,69,347
348,2.407005688,24.90115525,9.860664236,3.226958199,4.531101137,2.940144242,2.539040293,2.686884793,0.974692425,0.583646191,0.830791988,17,63,31,84,348
349,44.79967228,20.31075253,9.630524321,5.419106244,3.975440384,0.143671014,3.274517595,3.62689751,0.95066334,0.427743485,0.961066129,34,66,68,73,349
350,19.57963513,14.28990374,0.159824146,9.810896367,4.651479227,2.076941633,0.441273656,4.636132171,0.650730171,0.38778626,0.988803286,1,70,66,46,350
351,40.71660708,11.96391696,4.53796827,7.994117436,0.665908533,2.972565727,0.758069528,0.770437633,0.794441007,0.309555218,0.708252141,16,90,37,37,351
352,39.20235946,39.92741345,8.075903444,7.194796231,3.563469089,3.680152365,1.722603286,4.028545686,0.769982597,0.484929249,0.870789769,40,65,70,57,352
353,30.50846609,27.52036545,6.632545127,2.005513501,3.79235213,0.181641733,3.665043728,2.946818067,0.711599229,0.479699575,0.725840517,35,13,12,27,353
354,37.87315393,29.04558589,4.697790357,2.233803081,4.509685341,3.812454848,2.957519619,4.59550158,0.770313798,0.42797435,0.890796472,36,76,35,85,354
355,26.43014313,26.25390726,5.638808906,2.436275219,2.583337552,1.851211288,4.560083605,0.959818046,0.613067541,0.326630849,0.865351014,39,99,16,96,355
356,45.9015362,34.10017056,3.052171478,6.25522479,0.685275378,1.15725317,0.136817826,1.275201556,0.626091695,0.417093548,0.978153473,39,43,42,30,356
357,14.99872312,8.232944035,7.96388522,7.513137605,1.664382858,1.875924427,0.84215028,2.732851979,0.886930859,0.320188571,0.805998699,30,2,68,12,357
358,41.06503992,30.6612253,7.913745752,2.847542975,4.712311439,3.946508981,2.357496237,4.217562998,0.895286071,0.521648016,0.747753004,5,23,28,0,358
359,12.24604431,6.928201869,5.089836179,4.356679925,4.46063757,3.358082502,2.877398877,0.674046233,0.781847461,0.538550134,0.83145398,29,8,22,20,359
360,28.79449819,30.70359589,0.946385535,5.93177107,1.806942007,3.349977652,0.616314327,2.502275543,0.701043816,0.413582222,0.764661675,4,65,32,31,360
361,12.41050055,31.87638527,9.134235971,5.559118278,0.072363338,2.586158325,1.515986569,3.674258388,0.418430817,0.48004718,0.768713118,0,5,91,30,361
362,41.40361708,36.23280533,6.145217945,6.346937975,2.013815388,0.563688209,4.300855177,2.265344262,0.409996374,0.52516861,0.932680334,26,5,42,70,362
363,3.050791152,18.33016414,2.187280581,4.119071394,0.073418654,4.688111952,2.533113562,4.084514531,0.9422285,0.454748621,0.761159956,28,7,3,65,363
364,35.29397738,27.64133663,7.159360629,1.90796578,0.97593169,1.315905816,2.915949399,3.658739439,0.842481647,0.366621393,0.970829103,0,72,82,92,364
365,18.65551943,11.17460554,1.435903647,4.325111211,2.384487938,4.978527398,4.641286428,3.423427962,0.726108404,0.518277567,0.840621052,32,25,86,31,365
366,18.99786299,12.27976443,7.062279552,8.319259421,0.374388981,1.128653045,0.391168981,4.523060752,0.555236755,0.599414802,0.893364569,27,98,92,1,366
367,11.45506552,37.81001027,6.434292672,7.06116275,2.598063032,3.56224391,3.62730369,0.432126356,0.578384291,0.317597374,0.721450575,17,15,79,74,367
368,39.38109847,31.87187602,2.125838833,1.623352795,3.865945191,3.090969455,3.636950478,1.450668253,0.753625352,0.586637283,0.8372955,5,63,68,22,368
369,43.45752103,6.025794139,3.866686804,6.964115517,0.040548003,1.137732569,4.107459292,4.235484909,0.486299023,0.367962336,0.715988427,20,73,16,98,369
370,7.664930457,14.3822062,4.816642467,8.017910525,2.913411214,0.058097918,2.729893733,4.131729477,0.851015,0.445019057,0.91600559,13,35,72,71,370
371,2.385243877,0.976791068,9.528523249,8.765807492,4.910618297,2.690235526,4.929198995,1.942923566,0.502225135,0.323301759,0.848955071,26,54,99,19,371
372,27.2049956,25.68245656,8.680431969,7.866510303,4.617449362,2.14272353,2.62139228,2.850177038,0.693824456,0.459149356,0.738659171,17,97,66,19,372
373,47.86535644,5.961880488,4.533581758,3.89035282,1.035198147,1.443451586,1.087795605,0.324639351,0.704248001,0.409779751,0.899488223,35,30,60,71,373
374,23.84999939,37.1234651,0.4939746,6.557396421,3.546858249,1.516744642,4.377698951,1.875015889,0.922824555,0.424856119,0.892972894,11,59,34,12,374
375,23.1142063,22.91698362,2.570707573,1.710633158,4.856184889,2.941441061,2.812261568,0.878081137,0.679068048,0.439612379,0.718773848,7,21,24,45,375
376,29.90640702,29.84169327,4.008680468,0.975326724,0.917445114,4.592242138,1.184599426,4.990990928,0.944871034,0.349254152,0.72381736,11,94,99,96,376
377,20.00928628,31.44478774,3.188857263,3.400716894,2.044870915,3.341866765,3.85562939,2.208695339,0.551308221,0.477282444,0.75532096,10,10,93,30,377
378,44.81657276,21.78736252,6.251543771,0.13737987,3.699205195,2.133127091,2.811932179,4.094963559,0.754705529,0.595907936,0.965319324,33,38,52,74,378
379,35.18851631,5.025217819,1.196468571,2.91065129,1.704077916,0.85596485,1.519163633,0.200135333,0.762679114,0.427396586,0.903772525,28,65,49,47,379
380,17.81169525,2.213960897,1.592867478,9.393839017,4.139146674,2.997796712,0.731785286,1.578486794,0.911016846,0.527561896,0.710596754,25,49,91,40,380
381,42.54130429,3.371042034,8.362159089,5.923367282,1.68226729,1.560320251,2.483370157,4.402765317,0.987179067,0.369069146,0.777614728,31,66,73,83,381
382,20.7320786,7.10146002,8.595504446,4.060311685,4.730635981,3.228127813,2.07692413,2.344323316,0.95348641,0.510850387,0.85381939,32,31,3,76,382
383,39.46469974,23.93907854,1.621466718,9.316739113,1.142483301,4.517285682,2.318648128,1.668409995,0.894298677,0.474946897,0.966888978,34,48,13,98,383
384,37.32050468,4.665456474,5.955559373,3.247010699,0.023436133,1.27257304,1.79822758,3.909926339,0.932827314,0.303164965,0.954025725,25,11,56,76,384
385,11.62720501,0.240158003,3.29931165,4.013743042,4.11394591,4.366330468,4.888899706,0.6996415,0.874184084,0.522926076,0.829406921,38,80,16,47,385
386,43.03949234,19.2303187,0.159001373,3.634804873,4.50040463,4.112870667,4.257189357,3.202935375,0.88168837,0.591098471,0.914375436,36,9,83,70,386
387,43.71266849,35.0588412,2.891484257,9.716656025,1.465883052,4.76319082,4.457533153,1.494574527,0.466060181,0.395909388,0.808053668,12,74,93,86,387
388,46.72063682,21.0154214,5.117265061,5.147818933,1.838195756,2.574179938,0.675859847,3.087918468,0.990493983,0.339480214,0.867515698,12,65,16,14,388
389,15.0695058,2.249291931,3.809871919,0.173831107,0.491588181,2.76284767,4.360613216,1.628488091,0.656137862,0.558058827,0.771065166,10,7,45,100,389
390,9.681893356,15.59891369,8.380128557,8.003891812,1.586726545,2.379872577,0.70663226,1.515284129,0.407141485,0.471074648,0.909471898,15,87,9,17,390
391,29.74114164,35.60659938,3.400914258,7.13859591,2.719481333,1.868960106,0.5735754,1.820341533,0.580085586,0.57843411,0.902221098,3,75,91,67,391
392,41.48763672,32.90598526,7.50047964,1.00030933,3.292580561,2.472580565,0.65962221,2.979375687,0.446263955,0.433474448,0.892322616,19,87,34,84,392
393,0.789438172,22.99106863,3.408470624,9.591119121,4.770407828,2.996707744,0.718739051,0.995174417,0.467954825,0.373494627,0.795647697,37,15,81,25,393
394,17.81549511,26.41898414,7.67731248,3.120382402,0.44333337,3.95333403,2.166235542,1.923600311,0.800857778,0.443110043,0.837609928,21,74,13,37,394
395,26.66979983,29.57759458,6.293027753,5.23355942,2.537583722,3.518342903,0.114645341,2.613713348,0.764325294,0.532185645,0.848232766,39,62,23,26,395
396,7.519421132,32.35036502,7.279854875,4.352387036,1.031685133,4.653205259,0.379185876,3.634160782,0.637585077,0.37462707,0.727913667,14,47,23,54,396
397,35.55725805,23.79082326,4.480091325,2.005387397,2.931888627,1.700908531,3.152492444,0.894572764,0.404176992,0.461727864,0.943125116,5,14,73,100,397
398,22.74879395,5.985180839,1.025810814,4.971813771,0.71037057,3.885072045,0.975429499,3.680031538,0.465775412,0.584680508,0.997012865,16,64,98,54,398
399,10.56971762,22.50834426,4.435437915,7.919650698,2.795589462,4.116526411,1.814674661,1.118380199,0.871329862,0.582018922,0.95665704,28,16,27,29,399
400,0.720540265,10.84403012,2.319228014,2.789200319,3.13837025,0.867793835,3.243343645,4.814758294,0.615913244,0.527763475,0.969657986,35,77,13,66,400
401,29.25175668,29.03464497,4.809261897,7.628128761,1.57326012,4.342794068,4.062293587,0.845321269,0.621908833,0.394737009,0.733993886,21,2,19,2,401
402,3.900817484,14.28798956,5.624248446,7.352098249,1.923586513,1.118593196,1.308601862,0.301735138,0.511893296,0.301465583,0.874454661,11,89,22,63,402
403,19.92075921,20.89614134,8.171036083,4.859185362,1.613012848,4.038959142,2.546810351,2.631345195,0.430596522,0.551553859,0.744787765,39,54,28,69,403
404,30.88191697,37.52833898,9.193997786,2.963213858,4.22938449,1.555348929,0.826533798,2.60029781,0.808288472,0.413655555,0.824891087,26,38,20,50,404
405,25.93825805,35.03582959,0.991938835,0.287488074,2.554371693,1.813591441,0.774506236,2.247812664,0.445422473,0.517743775,0.993155647,35,46,43,17,405
406,29.66311808,11.39730807,1.221060644,3.829223923,0.14904764,1.512870031,0.583427063,4.12279973,0.995082635,0.382798482,0.912333939,14,74,46,14,406
407,47.51412649,18.84989584,8.732228698,7.791305841,1.75030712,0.307698461,4.056101507,3.295412549,0.476688795,0.5625828,0.846604016,39,13,15,67,407
408,34.11555408,19.02997854,4.178075939,5.891981619,2.146747122,0.495001259,2.312273501,4.024063159,0.837658296,0.568866999,0.956876625,11,65,1,53,408
409,37.48798107,9.134659769,9.402413569,8.503210909,4.473377238,4.876993546,1.512665952,3.726880095,0.860224642,0.57102249,0.976790135,31,58,5,14,409
410,15.2040812,12.70628974,8.100193312,8.094419194,4.913961053,0.008456672,3.178459691,4.472777973,0.540513581,0.397487727,0.870653087,33,96,64,19,410
411,47.0343333,2.922729795,5.286194691,6.873805105,1.664213657,1.640082954,4.761283496,1.435226419,0.834622138,0.530312553,0.793949923,29,20,27,47,411
412,23.24930867,10.75267093,1.041470107,8.262915387,4.044146101,0.892053897,3.370620354,3.961436484,0.936184771,0.54973798,0.911886341,2,93,91,57,412
413,26.58901106,1.087540222,2.765726887,6.433096747,3.610148923,0.352619593,1.658400811,3.858717709,0.979111302,0.317709109,0.887934149,0,21,99,56,413
414,24.29411175,24.86731803,3.010054263,8.891498893,0.210454993,2.458375207,3.182241409,0.128810969,0.803395774,0.361719091,0.77070104,15,92,14,89,414
415,5.455715843,13.07708625,5.883338439,6.89405963,2.580596161,3.378131305,3.625858246,4.475704039,0.534805019,0.342040132,0.849436877,30,15,13,44,415
416,46.46696451,5.072259831,2.312100008,0.50775414,0.742731418,0.847459435,3.719005289,3.707297604,0.433374127,0.549667687,0.72499713,4,78,48,62,416
417,43.35486554,25.45106256,7.660602893,5.206320423,1.026276646,3.114957283,2.790213272,3.410413171,0.434627054,0.382120976,0.814890857,4,41,1,49,417
418,13.44825165,17.31909078,1.099944804,5.684886469,3.33074279,0.261594869,1.412238571,3.901512185,0.748305097,0.449804294,0.96963197,25,92,77,41,418
419,16.48356236,23.24322934,6.269767691,8.412592299,2.97886196,1.100603953,1.180565852,3.453112671,0.938120148,0.382124154,0.891412447,40,100,75,39,419
420,2.618092217,33.77057326,1.663900631,2.306848953,0.111539832,2.692319538,0.569283432,1.520487864,0.928816919,0.333515522,0.876655893,2,37,39,66,420
421,38.175281,23.30027848,5.502741904,7.360032651,1.424898204,4.49899797,4.967160452,1.3898401,0.914350164,0.393294111,0.759277497,33,80,71,45,421
422,14.25177248,30.4930407,6.473760426,6.027072739,3.094908837,3.986764574,4.200060638,2.823334857,0.433153398,0.531073231,0.761236161,30,4,13,48,422
423,3.312931809,25.5782049,0.669820606,5.55390052,2.296223967,2.550003556,4.517283891,2.316970206,0.758078834,0.572658867,0.969754313,1,60,1,76,423
424,11.53392988,12.47138496,4.082963573,6.204284147,3.943266801,1.221755845,0.65624419,4.531507266,0.748450966,0.553268648,0.865884636,12,49,57,82,424
425,38.00161171,27.31283853,1.984642932,5.271664975,3.043503296,3.567508051,0.052043526,2.556888976,0.469273651,0.323005498,0.871815445,33,64,12,40,425
426,46.66943536,14.70541835,1.088986355,9.106806141,3.261710239,3.932448542,1.142200405,0.299304376,0.453452228,0.575751354,0.810904138,15,2,52,76,426
427,19.40706149,29.44158558,1.797853252,1.841595589,2.712978066,0.819784123,1.695156989,1.244011852,0.469544349,0.334240202,0.883078347,13,97,22,38,427
428,33.02354561,12.24837328,9.43273012,8.012006961,3.170740041,4.464084146,2.859176224,3.413093741,0.404072172,0.571839841,0.797342435,20,59,76,33,428
429,10.00412971,8.751715133,8.396996589,5.58826606,4.891409273,0.066332379,3.912726167,4.313989615,0.905940119,0.565866772,0.751136304,14,26,34,46,429
430,46.93990619,32.55224423,6.123729833,1.497993114,2.145904626,0.670007371,1.94767669,4.191471801,0.809593325,0.44364363,0.754444674,20,55,31,45,430
431,27.43477017,1.532050424,6.918470174,0.661353377,3.315592996,1.458140757,2.738226171,4.548876607,0.643025726,0.429527062,0.87456831,30,17,1,57,431
432,40.22002939,34.63332332,0.663287425,4.432125946,3.89462573,4.712373166,2.805337038,4.50161514,0.88336422,0.355667009,0.855992817,21,13,12,33,432
433,22.76915019,4.136248871,6.746894173,7.534426305,2.76298839,3.196386682,0.988269686,3.814361839,0.712619097,0.38885728,0.920062574,18,95,39,18,433
434,42.50101537,25.15970425,0.945307311,3.448060462,3.750048038,3.219923003,3.280332812,2.278283917,0.881220027,0.39548284,0.749031794,29,85,91,76,434
435,37.27611998,29.21466919,8.656551769,4.695920417,3.741215244,1.176290087,0.788391498,1.885483663,0.966850569,0.54186896,0.938250803,21,43,13,21,435
436,27.08512753,20.76807353,0.780858461,6.991913708,2.801327814,4.572649785,4.589825154,4.533918165,0.971883799,0.443682962,0.985584396,32,9,3,43,436
437,12.07273319,4.795050261,4.176676247,5.956454353,2.132278459,4.890804607,4.670439491,0.869204049,0.916057173,0.325990878,0.836002586,22,13,64,39,437
438,40.41925805,11.53794882,6.093145404,0.028940765,1.148985621,3.272213957,1.768084435,4.634128694,0.57116201,0.40691871,0.724242866,32,59,52,55,438
439,25.42185303,13.1592695,6.647278839,1.941839454,0.811093566,2.952467242,0.407360324,0.524927118,0.878155664,0.329284776,0.834716258,26,96,12,39,439
440,18.83737572,37.62508709,4.713009769,7.159549986,1.72870935,4.469463323,1.268940077,2.574596621,0.627569455,0.33098826,0.999558353,36,68,58,32,440
441,13.79114931,36.62911296,7.53128961,6.330710103,0.010242266,2.988578156,0.473251046,1.206219477,0.814623161,0.42303713,0.999628281,36,84,56,79,441
442,3.71872249,13.7513816,9.747011105,7.824031826,1.542196672,1.141676746,1.6498585,0.42599967,0.883044346,0.472109494,0.84205867,8,13,80,83,442
443,40.777399,37.80802707,4.737062816,5.946402433,3.233527348,4.356235998,3.282714922,3.6153111,0.728767766,0.511485262,0.859483948,0,45,73,91,443
444,26.6849689,11.03074585,8.016819785,6.140746167,1.335378252,3.004873545,0.014547011,0.785534355,0.481112988,0.487835033,0.904252621,3,66,27,31,444
445,37.43918546,6.648649408,0.825330945,2.646409822,3.181138999,1.521888778,4.640833839,1.701357778,0.55219087,0.362603781,0.986886855,13,24,81,13,445
446,21.11649214,35.35181474,5.808919204,1.08071442,2.34697113,4.231058467,2.009796237,1.969044083,0.801826431,0.47821723,0.774437052,25,71,75,30,446
447,13.16863854,32.17175356,4.268882876,7.884097377,4.055284979,3.964415679,4.338306257,4.513139915,0.561124228,0.417741045,0.780018039,3,40,38,23,447
448,40.41710185,0.443086042,3.961019241,4.784087801,4.719914446,0.601941463,1.382243993,3.000173062,0.97623271,0.544536823,0.770237209,32,64,68,92,448
449,39.24866656,37.39198968,7.413161188,0.756897409,3.363351621,2.244477231,4.669731968,0.300923959,0.793797936,0.315360524,0.969365754,15,87,63,71,449
450,25.06504561,2.779516505,4.384411345,9.330638709,0.7316177,0.104550922,2.343490312,3.53913825,0.942244149,0.565629589,0.725018439,33,36,78,96,450
451,3.924322958,19.07605897,9.805903205,8.744146474,3.855174407,3.483326594,3.855218806,4.516799618,0.542531755,0.405070343,0.917894635,10,67,3,16,451
452,28.85016281,0.853929582,3.704962394,1.577821096,1.743143474,3.377589535,4.700752153,1.599587014,0.579378703,0.401225364,0.950385528,32,74,12,74,452
453,33.02908431,23.97169795,9.597451813,6.084576749,0.567871734,3.954782512,3.786505213,3.609640251,0.670685776,0.532651018,0.965784588,10,49,100,5,453
454,24.23772185,35.64176426,9.50838666,4.475106213,0.548891883,0.423007251,3.695995925,3.704591227,0.454777053,0.477908407,0.764352019,32,97,60,21,454
455,5.882140558,24.22161339,8.680988072,0.223134233,3.702171033,2.442642348,2.490277444,1.353451852,0.818841201,0.530225072,0.767862903,37,42,65,37,455
456,38.40413486,13.70324288,6.360474742,3.519105353,4.845934664,1.874802275,0.56348046,1.499680576,0.516842701,0.535263829,0.863025004,17,12,0,27,456
457,12.55134241,0.127012656,3.262845495,9.233667233,3.868264471,0.684941653,3.419805968,3.198097521,0.445472136,0.436818634,0.94047371,3,3,54,1,457
458,35.71945508,11.10122143,3.178808916,6.537483914,2.566904119,2.213152109,3.78686074,1.980717343,0.508447181,0.43473943,0.773259156,15,5,57,2,458
459,17.89865697,8.550599165,4.685811433,9.692602047,2.221011015,1.670683639,1.340004672,2.181976951,0.57125518,0.323616184,0.738439677,29,91,16,62,459
460,32.87738778,13.27642926,9.418845865,2.860756012,1.232254428,3.480322773,3.704185904,0.790183121,0.649855369,0.483622178,0.948892643,33,77,9,78,460
461,7.766784176,31.16604545,1.95879819,9.077813488,3.44907025,1.907900021,2.823110235,2.039119632,0.716879065,0.326663186,0.944811379,6,37,72,52,461
462,7.518122191,23.26542534,2.856609807,7.948883009,4.280390666,4.828327777,4.154618313,4.847708036,0.937191044,0.317396024,0.91460014,18,90,63,87,462
463,41.08807499,24.53472803,1.947653377,5.513342025,1.970948199,1.735968047,1.707827355,3.351258135,0.582571747,0.503385244,0.748654328,22,89,65,36,463
464,10.29240466,1.71097587,0.459869992,1.661403181,4.989797286,2.192351404,0.134409478,2.544088972,0.805334315,0.5206494,0.866030427,9,52,72,64,464
465,23.69758847,38.62581852,5.188576052,5.383382999,1.956630285,1.471327405,1.845771907,3.841533586,0.83076764,0.427524656,0.706264917,6,77,2,67,465
466,8.999273737,6.450822899,4.95195957,1.773026023,0.256583391,0.845333304,0.973590107,1.195955648,0.601492547,0.369742086,0.873099098,12,11,90,49,466
467,6.148374649,18.50716991,6.772350132,7.358296529,2.35768066,0.154094193,3.372802976,2.280191923,0.578586856,0.559357232,0.871296644,9,81,39,54,467
468,8.239004271,8.701882051,5.497325435,2.7757858,2.944794207,4.476927953,1.154344977,4.805884464,0.758079142,0.538788846,0.746992274,7,22,72,95,468
469,34.79388965,35.45838155,9.359657627,6.490464891,3.027627135,3.042759193,4.677184192,4.990532845,0.506056773,0.344565124,0.864859118,20,86,87,23,469
470,45.02117705,36.6317136,0.686666556,0.720774471,3.658817834,4.846018344,1.357781719,3.961997076,0.459741439,0.365369375,0.963942608,17,99,73,41,470
471,9.088117663,35.63112746,9.456935727,3.20373174,2.980932521,4.6156367,3.515715883,4.550268816,0.46899402,0.489042545,0.954220012,4,14,83,87,471
472,9.296036822,23.21376175,5.373302644,1.480639399,2.508128641,4.751351121,1.989954753,0.085075241,0.588873507,0.566001166,0.93567599,14,69,100,87,472
473,27.50474047,11.89519323,8.359729262,8.493146641,0.406959197,0.759936723,0.241920141,1.979245801,0.802446953,0.42579182,0.954502737,37,60,46,40,473
474,31.89293206,34.24308346,9.670306472,0.716319265,0.157953895,0.507773307,4.543272634,3.938213657,0.440606922,0.578822922,0.859842177,3,29,25,82,474
475,37.39389768,32.34342022,4.274165382,3.963512272,2.329768646,3.446613773,4.903694695,0.150838157,0.64594348,0.477899971,0.834401631,5,86,52,24,475
476,44.91955334,14.45028533,6.030484192,6.922384753,1.841393188,4.279159201,2.484541498,1.439747844,0.773964702,0.354281899,0.953762958,7,17,52,56,476
477,24.75293155,0.530101094,8.14603167,7.702072167,2.031666504,4.454556264,3.230962869,3.4952106,0.505697362,0.427169279,0.719180194,11,14,29,94,477
478,46.95213864,24.4851347,4.05632118,2.538989295,2.865270815,0.934488908,0.950519145,3.725171823,0.951349769,0.535199593,0.827620952,40,60,5,64,478
479,2.4197687,14.17554658,7.404076646,6.013064481,3.559039768,2.148126175,4.309979681,3.78700576,0.724714867,0.413766092,0.791978541,3,92,98,46,479
480,25.56807637,22.3512666,0.022404741,9.60909426,0.865733953,3.357619017,2.599685127,3.758294074,0.720079612,0.496618036,0.709094995,30,8,71,75,480
481,44.74460099,19.9681405,3.200653527,6.827854248,1.931046164,1.883454324,2.96066282,3.540218855,0.567568374,0.461303372,0.892633174,29,3,22,3,481
482,28.59105121,4.89213542,4.678433188,6.624260773,2.494131457,3.368161369,4.27407253,3.808116847,0.738909551,0.47479158,0.867257164,10,80,31,10,482
483,27.78879588,20.79412026,5.516863788,7.487485944,2.454070753,2.76813369,4.227916412,2.90436756,0.774484699,0.583701749,0.75502646,5,29,50,34,483
484,6.297591982,33.57496265,8.761150069,2.547620133,0.30068006,1.96802968,2.874447079,4.241906083,0.746831752,0.420331439,0.948632477,24,33,9,1,484
485,9.928939195,29.6071646,5.362466693,9.950546602,0.781635913,4.595306156,1.229077977,0.862192918,0.607115437,0.409913728,0.889464558,11,64,54,11,485
486,22.85264132,25.51163847,5.136498361,4.514128142,2.567888864,2.514994158,0.130105684,3.532874648,0.809129004,0.578731599,0.904990704,10,46,59,28,486
487,18.34373344,25.26117909,5.748469236,3.237142659,2.224981685,3.459357208,2.145356498,2.554384189,0.413979622,0.59779563,0.768194482,34,69,31,44,487
488,10.04626403,37.5459476,5.968076357,4.140117903,0.879523362,2.245361024,0.352166662,2.946230829,0.733223749,0.585662366,0.879227078,14,5,49,81,488
489,13.89800103,22.22897497,0.356076071,9.80626358,4.95123872,4.660050635,4.468210606,1.253320536,0.983902395,0.380466359,0.954951358,12,64,47,9,489
490,14.91830115,33.14922028,2.586334317,9.151390643,3.850601841,2.780507825,2.95657899,1.183972299,0.590165685,0.339690579,0.791563831,3,30,60,34,490
491,37.98550147,6.115399573,6.683011278,0.999097753,3.529377615,3.37236793,2.817652249,2.577007196,0.577032593,0.508170935,0.94652603,3,17,42,100,491
492,44.34408582,14.33781523,4.60751558,3.48165617,2.545266128,2.164321657,1.82870415,0.497946965,0.596558291,0.313061784,0.999469472,28,26,22,78,492
493,34.63143088,21.08956391,5.503231176,8.588824107,3.664585763,0.962997332,3.247711374,2.357453873,0.86087303,0.455145459,0.821702454,6,47,92,29,493
494,31.96304535,23.20965762,5.432950456,2.408496499,2.412506111,0.145071781,1.362818184,4.953961634,0.940703365,0.361054604,0.756552556,18,57,12,76,494
495,25.97630187,25.22051253,4.675216567,3.976088289,2.62521141,3.349829681,1.060495404,1.204602073,0.855805815,0.518801746,0.856443583,18,61,66,4,495
496,20.36999224,3.147180419,1.932406315,7.880706051,0.578313426,4.979939446,4.373952523,0.653798749,0.523868519,0.348990392,0.759297031,26,24,54,56,496
497,8.992713966,24.0234897,4.064243694,8.157600734,2.114355295,0.352971816,2.532504716,0.449466902,0.795691653,0.507248709,0.975305816,36,77,43,11,497
498,40.50076732,0.195526759,3.429514576,3.787703766,2.298053962,2.469003369,1.358409387,0.555039154,0.642163623,0.389983057,0.875376521,29,88,14,51,498
499,6.053936126,38.26950678,8.547772775,6.209595467,4.105536267,0.806059251,3.135489423,1.354749582,0.980299833,0.347746895,0.705423772,0,14,13,94,499
500,44.24778616,18.37911856,6.427515379,3.473393876,3.217385572,1.592469134,2.193595311,2.915217253,0.440141519,0.364125254,0.980384228,20,100,35,51,500
501,34.11376185,39.04585746,9.927542222,2.276900875,4.550791984,2.224777957,4.952874622,0.692323633,0.4124214,0.448122393,0.738102393,11,64,14,45,501
502,38.07471601,14.51706984,3.468007281,7.875067936,2.529582161,0.41422684,0.388313264,4.947281952,0.46388887,0.326738466,0.845023934,18,31,68,73,502
503,0.614151595,24.48598385,0.625539696,5.1543556,0.094948409,4.837313039,0.520570008,1.916785602,0.724888217,0.494276572,0.755550975,18,37,15,64,503
504,44.42395807,39.14996189,0.056315393,1.853588362,4.574852256,0.543579255,4.668484188,1.029420325,0.693133862,0.378325816,0.712283287,10,13,0,94,504
505,24.6025183,33.96265889,7.340326708,5.292145379,3.268837767,4.92376109,2.745490155,4.987954266,0.555907254,0.565628376,0.998669471,36,68,93,20,505
506,18.04928329,10.08024504,5.281892613,8.081291554,0.695844428,2.488435974,2.289212495,2.777047513,0.86715712,0.347193032,0.762267344,38,5,13,15,506
507,37.95318889,18.12081152,4.527070332,0.388408968,2.364156166,2.177555737,0.520758172,3.80730976,0.839360726,0.422524915,0.828836783,21,26,17,79,507
508,24.58935182,34.58022159,1.522586758,4.337941178,4.543182426,4.572968218,4.645359343,1.000639648,0.54405599,0.326004052,0.925367187,5,26,91,52,508
509,31.90339304,2.010805927,9.100224164,6.970744169,1.765255805,0.913977945,0.970703843,4.705445923,0.886355172,0.58276749,0.958049186,5,65,40,56,509
510,0.753428905,17.26995474,3.007408019,9.30097171,0.213604931,3.413980938,0.880896015,2.699031846,0.63838865,0.555330496,0.848581718,3,56,82,13,510
511,29.85826644,2.240561462,7.195301236,1.453109893,0.056931515,1.752968504,1.798593549,3.391172702,0.45240156,0.441170582,0.838305806,0,55,51,55,511
512,39.66260176,2.488107909,5.984777919,7.85936812,4.069351067,4.429774681,3.315491994,2.106444882,0.805961301,0.304931638,0.852884538,4,66,54,92,512
513,47.20226957,22.01904483,7.306003607,5.260605507,4.531151498,3.987675637,1.689311011,2.317297515,0.858164891,0.478567191,0.720924358,10,60,79,37,513
514,25.82069752,10.61220674,6.391699195,4.363638961,3.45483733,4.464179936,3.837099219,1.942275449,0.480268814,0.433516841,0.792201253,1,46,45,72,514
515,7.69701287,3.932163216,1.940920445,0.378151671,0.126811166,4.158125243,1.393456485,0.462131834,0.915633596,0.336919488,0.924407162,30,45,52,43,515
516,0.918087368,37.711747,5.071681273,1.217584829,4.840892496,3.912378674,0.831027984,1.463891281,0.624125725,0.536976793,0.816155653,4,24,90,72,516
517,36.54893679,19.44507429,3.183461997,1.83322859,1.965201879,4.237091125,1.108375778,3.433137871,0.547557545,0.575380647,0.973719974,21,14,95,28,517
518,10.81141372,31.14776211,3.556302151,3.369584181,4.153420546,2.593903358,4.836573062,1.491384487,0.729309806,0.522556609,0.986458397,8,91,9,72,518
519,11.97289885,17.10239055,8.174781638,5.726544775,1.418116504,1.793315586,0.647590672,2.960207396,0.428214907,0.496315616,0.807889917,24,30,83,47,519
520,42.00344233,6.175203805,2.898860999,9.245610148,2.595086391,1.918297068,1.220303869,4.685063757,0.929522882,0.364997055,0.814740552,30,63,39,31,520
521,9.810242573,22.370999,0.443326815,5.223286487,2.482941894,4.740461371,1.423382982,2.950597159,0.567964911,0.508375821,0.769903975,19,85,89,74,521
522,26.8215246,36.06261076,1.073118256,6.384828243,0.400673541,2.033051272,0.52342348,0.537714733,0.862134369,0.521887611,0.984787151,5,85,24,14,522
523,14.91155485,29.29909428,4.245139599,6.045237468,4.160516499,2.756588566,4.92446826,4.699766849,0.865328486,0.303875746,0.770502644,0,23,14,27,523
524,44.0262036,25.52412376,9.058710931,6.357938567,1.341169265,1.24502734,4.87287684,4.847143204,0.419933525,0.529611252,0.902744828,31,65,72,7,524
525,18.4664554,20.04391884,5.665108334,1.951038918,2.161045292,2.800768769,3.902831041,3.422917466,0.542509174,0.421525352,0.856104904,2,0,5,22,525
526,43.98676046,33.53345177,9.370213421,5.125280706,2.757222474,0.950184191,3.664931468,4.586643419,0.416957523,0.306697855,0.720491991,19,44,5,58,526